primary,alternates,catalogs,common_name,match_type,notes
M1,NGC 1952,Messier | NGC,,official_correspondence,Correspondance officielle Messier-NGC
M2,NGC 7089,Messier | NGC,,official_correspondence,Correspondance officielle Messier-NGC
M3,NGC 5272,Messier | NGC,,official_correspondence,Correspondance officielle Messier-NGC
M4,NGC 6121,Messier | NGC,,official_correspondence,Correspondance officielle Messier-NGC
M5,NGC 5904,Messier | NGC,,official_correspondence,Correspondance officielle Messier-NGC
M6,NGC 6405,Messier | NGC,,official_correspondence,Correspondance officielle Messier-NGC
M7,NGC 6475,Messier | NGC,,official_correspondence,Correspondance officielle Messier-NGC
M8,NGC 6523,Messier | NGC,,official_correspondence,Correspondance officielle Messier-NGC
M9,NGC 6333,Messier | NGC,,official_correspondence,Correspondance officielle Messier-NGC
M10,NGC 6254,Messier | NGC,,official_correspondence,Correspondance officielle Messier-NGC
M11,NGC 6705,Messier | NGC,,official_correspondence,Correspondance officielle Messier-NGC
M12,NGC 6218,Messier | NGC,,official_correspondence,Correspondance officielle Messier-NGC
M13,NGC 6205,Messier | NGC,,official_correspondence,Correspondance officielle Messier-NGC
M14,NGC 6402,Messier | NGC,,official_correspondence,Correspondance officielle Messier-NGC
M15,NGC 7078,Messier | NGC,,official_correspondence,Correspondance officielle Messier-NGC
M16,NGC 6611,Messier | NGC,,official_correspondence,Correspondance officielle Messier-NGC
M17,NGC 6618,Messier | NGC,,official_correspondence,Correspondance officielle Messier-NGC
M18,NGC 6613,Messier | NGC,,official_correspondence,Correspondance officielle Messier-NGC
M19,NGC 6273,Messier | NGC,,official_correspondence,Correspondance officielle Messier-NGC
M20,NGC 6514,Messier | NGC,,official_correspondence,Correspondance officielle Messier-NGC
M21,NGC 6531,Messier | NGC,,official_correspondence,Correspondance officielle Messier-NGC
M22,NGC 6656,Messier | NGC,,official_correspondence,Correspondance officielle Messier-NGC
M23,NGC 6494,Messier | NGC,,official_correspondence,Correspondance officielle Messier-NGC
M24,NGC 6603,Messier | NGC,,official_correspondence,Correspondance officielle Messier-NGC
M25,IC 4725,Messier | NGC,,official_correspondence,Correspondance officielle Messier-NGC
M26,NGC 6694,Messier | NGC,,official_correspondence,Correspondance officielle Messier-NGC
M27,NGC 6853,Messier | NGC,,official_correspondence,Correspondance officielle Messier-NGC
M28,NGC 6626,Messier | NGC,,official_correspondence,Correspondance officielle Messier-NGC
M29,NGC 6913,Messier | NGC,,official_correspondence,Correspondance officielle Messier-NGC
M30,NGC 7099,Messier | NGC,,official_correspondence,Correspondance officielle Messier-NGC
M31,NGC 224,Messier | NGC,,official_correspondence,Correspondance officielle Messier-NGC
M32,NGC 221,Messier | NGC,,official_correspondence,Correspondance officielle Messier-NGC
M33,NGC 598,Messier | NGC,,official_correspondence,Correspondance officielle Messier-NGC
M34,NGC 1039,Messier | NGC,,official_correspondence,Correspondance officielle Messier-NGC
M35,NGC 2168,Messier | NGC,,official_correspondence,Correspondance officielle Messier-NGC
M36,NGC 1960,Messier | NGC,,official_correspondence,Correspondance officielle Messier-NGC
M37,NGC 2099,Messier | NGC,,official_correspondence,Correspondance officielle Messier-NGC
M38,NGC 1912,Messier | NGC,,official_correspondence,Correspondance officielle Messier-NGC
M39,NGC 7092,Messier | NGC,,official_correspondence,Correspondance officielle Messier-NGC
M41,NGC 2287,Messier | NGC,,official_correspondence,Correspondance officielle Messier-NGC
M42,NGC 1976,Messier | NGC,,official_correspondence,Correspondance officielle Messier-NGC
M43,NGC 1982,Messier | NGC,,official_correspondence,Correspondance officielle Messier-NGC
M44,NGC 2632,Messier | NGC,,official_correspondence,Correspondance officielle Messier-NGC
M45,NGC 1432,Messier | NGC,,official_correspondence,Correspondance officielle Messier-NGC
M46,NGC 2437,Messier | NGC,,official_correspondence,Correspondance officielle Messier-NGC
M47,NGC 2422,Messier | NGC,,official_correspondence,Correspondance officielle Messier-NGC
M48,NGC 2548,Messier | NGC,,official_correspondence,Correspondance officielle Messier-NGC
M49,NGC 4472,Messier | NGC,,official_correspondence,Correspondance officielle Messier-NGC
M50,NGC 2323,Messier | NGC,,official_correspondence,Correspondance officielle Messier-NGC
M51,NGC 5194,Messier | NGC,,official_correspondence,Correspondance officielle Messier-NGC
M52,NGC 7654,Messier | NGC,,official_correspondence,Correspondance officielle Messier-NGC
M53,NGC 5024,Messier | NGC,,official_correspondence,Correspondance officielle Messier-NGC
M54,NGC 6715,Messier | NGC,,official_correspondence,Correspondance officielle Messier-NGC
M55,NGC 6809,Messier | NGC,,official_correspondence,Correspondance officielle Messier-NGC
M56,NGC 6779,Messier | NGC,,official_correspondence,Correspondance officielle Messier-NGC
M57,NGC 6720,Messier | NGC,,official_correspondence,Correspondance officielle Messier-NGC
M58,NGC 4579,Messier | NGC,,official_correspondence,Correspondance officielle Messier-NGC
M59,NGC 4621,Messier | NGC,,official_correspondence,Correspondance officielle Messier-NGC
M60,NGC 4649,Messier | NGC,,official_correspondence,Correspondance officielle Messier-NGC
M61,NGC 4303,Messier | NGC,,official_correspondence,Correspondance officielle Messier-NGC
M62,NGC 6266,Messier | NGC,,official_correspondence,Correspondance officielle Messier-NGC
M63,NGC 5055,Messier | NGC,,official_correspondence,Correspondance officielle Messier-NGC
M64,NGC 4826,Messier | NGC,,official_correspondence,Correspondance officielle Messier-NGC
M65,NGC 3623,Messier | NGC,,official_correspondence,Correspondance officielle Messier-NGC
M66,NGC 3627,Messier | NGC,,official_correspondence,Correspondance officielle Messier-NGC
M67,NGC 2682,Messier | NGC,,official_correspondence,Correspondance officielle Messier-NGC
M68,NGC 4590,Messier | NGC,,official_correspondence,Correspondance officielle Messier-NGC
M69,NGC 6637,Messier | NGC,,official_correspondence,Correspondance officielle Messier-NGC
M70,NGC 6681,Messier | NGC,,official_correspondence,Correspondance officielle Messier-NGC
M71,NGC 6838,Messier | NGC,,official_correspondence,Correspondance officielle Messier-NGC
M72,NGC 6981,Messier | NGC,,official_correspondence,Correspondance officielle Messier-NGC
M73,NGC 6994,Messier | NGC,,official_correspondence,Correspondance officielle Messier-NGC
M74,NGC 628,Messier | NGC,,official_correspondence,Correspondance officielle Messier-NGC
M75,NGC 6864,Messier | NGC,,official_correspondence,Correspondance officielle Messier-NGC
M76,NGC 650,Messier | NGC,,official_correspondence,Correspondance officielle Messier-NGC
M77,NGC 1068,Messier | NGC,,official_correspondence,Correspondance officielle Messier-NGC
M78,NGC 2068,Messier | NGC,,official_correspondence,Correspondance officielle Messier-NGC
M79,NGC 1904,Messier | NGC,,official_correspondence,Correspondance officielle Messier-NGC
M80,NGC 6093,Messier | NGC,,official_correspondence,Correspondance officielle Messier-NGC
M81,NGC 3031,Messier | NGC,,official_correspondence,Correspondance officielle Messier-NGC
M82,NGC 3034,Messier | NGC,,official_correspondence,Correspondance officielle Messier-NGC
M83,NGC 5236,Messier | NGC,,official_correspondence,Correspondance officielle Messier-NGC
M84,NGC 4374,Messier | NGC,,official_correspondence,Correspondance officielle Messier-NGC
M85,NGC 4382,Messier | NGC,,official_correspondence,Correspondance officielle Messier-NGC
M86,NGC 4406,Messier | NGC,,official_correspondence,Correspondance officielle Messier-NGC
M87,NGC 4486,Messier | NGC,,official_correspondence,Correspondance officielle Messier-NGC
M88,NGC 4501,Messier | NGC,,official_correspondence,Correspondance officielle Messier-NGC
M89,NGC 4552,Messier | NGC,,official_correspondence,Correspondance officielle Messier-NGC
M90,NGC 4569,Messier | NGC,,official_correspondence,Correspondance officielle Messier-NGC
M91,NGC 4548,Messier | NGC,,official_correspondence,Correspondance officielle Messier-NGC
M92,NGC 6341,Messier | NGC,,official_correspondence,Correspondance officielle Messier-NGC
M93,NGC 2447,Messier | NGC,,official_correspondence,Correspondance officielle Messier-NGC
M94,NGC 4736,Messier | NGC,,official_correspondence,Correspondance officielle Messier-NGC
M95,NGC 3351,Messier | NGC,,official_correspondence,Correspondance officielle Messier-NGC
M96,NGC 3368,Messier | NGC,,official_correspondence,Correspondance officielle Messier-NGC
M97,NGC 3587,Messier | NGC,,official_correspondence,Correspondance officielle Messier-NGC
M98,NGC 4192,Messier | NGC,,official_correspondence,Correspondance officielle Messier-NGC
M99,NGC 4254,Messier | NGC,,official_correspondence,Correspondance officielle Messier-NGC
M100,NGC 4321,Messier | NGC,,official_correspondence,Correspondance officielle Messier-NGC
M101,NGC 5457,Messier | NGC,,official_correspondence,Correspondance officielle Messier-NGC
M102,NGC 5866,Messier | NGC,,official_correspondence,Correspondance officielle Messier-NGC
M103,NGC 581,Messier | NGC,,official_correspondence,Correspondance officielle Messier-NGC
M104,NGC 4594,Messier | NGC,,official_correspondence,Correspondance officielle Messier-NGC
M105,NGC 3379,Messier | NGC,,official_correspondence,Correspondance officielle Messier-NGC
M106,NGC 4258,Messier | NGC,,official_correspondence,Correspondance officielle Messier-NGC
M107,NGC 6171,Messier | NGC,,official_correspondence,Correspondance officielle Messier-NGC
M108,NGC 3556,Messier | NGC,,official_correspondence,Correspondance officielle Messier-NGC
M109,NGC 3992,Messier | NGC,,official_correspondence,Correspondance officielle Messier-NGC
M110,NGC 205,Messier | NGC,,official_correspondence,Correspondance officielle Messier-NGC
C1,NGC 188,Caldwell | NGC/IC,,official_correspondence,Correspondance officielle Caldwell
C2,NGC 40,Caldwell | NGC/IC,,official_correspondence,Correspondance officielle Caldwell
C3,NGC 4236,Caldwell | NGC/IC,,official_correspondence,Correspondance officielle Caldwell
C4,NGC 7023,Caldwell | NGC/IC,,official_correspondence,Correspondance officielle Caldwell
C5,IC 342,Caldwell | NGC/IC,,official_correspondence,Correspondance officielle Caldwell
C6,NGC 6543,Caldwell | NGC/IC,,official_correspondence,Correspondance officielle Caldwell
C7,NGC 2403,Caldwell | NGC/IC,,official_correspondence,Correspondance officielle Caldwell
C8,NGC 559,Caldwell | NGC/IC,,official_correspondence,Correspondance officielle Caldwell
C9,Sh2-155,Caldwell | NGC/IC,,official_correspondence,Correspondance officielle Caldwell
C10,NGC 663,Caldwell | NGC/IC,,official_correspondence,Correspondance officielle Caldwell
C11,NGC 7635,Caldwell | NGC/IC,,official_correspondence,Correspondance officielle Caldwell
C12,NGC 6946,Caldwell | NGC/IC,,official_correspondence,Correspondance officielle Caldwell
C13,NGC 457,Caldwell | NGC/IC,,official_correspondence,Correspondance officielle Caldwell
C14,NGC 869,Caldwell | NGC/IC,,official_correspondence,Correspondance officielle Caldwell
C15,NGC 6826,Caldwell | NGC/IC,,official_correspondence,Correspondance officielle Caldwell
C16,NGC 7243,Caldwell | NGC/IC,,official_correspondence,Correspondance officielle Caldwell
C17,NGC 147,Caldwell | NGC/IC,,official_correspondence,Correspondance officielle Caldwell
C18,NGC 185,Caldwell | NGC/IC,,official_correspondence,Correspondance officielle Caldwell
C19,IC 5146,Caldwell | NGC/IC,,official_correspondence,Correspondance officielle Caldwell
C20,NGC 7000,Caldwell | NGC/IC,,official_correspondence,Correspondance officielle Caldwell
C21,NGC 4449,Caldwell | NGC/IC,,official_correspondence,Correspondance officielle Caldwell
C22,NGC 7662,Caldwell | NGC/IC,,official_correspondence,Correspondance officielle Caldwell
C23,NGC 891,Caldwell | NGC/IC,,official_correspondence,Correspondance officielle Caldwell
C24,NGC 1275,Caldwell | NGC/IC,,official_correspondence,Correspondance officielle Caldwell
C25,IC 4725,Caldwell | NGC/IC,,official_correspondence,Correspondance officielle Caldwell
C26,NGC 4244,Caldwell | NGC/IC,,official_correspondence,Correspondance officielle Caldwell
C27,NGC 6888,Caldwell | NGC/IC,,official_correspondence,Correspondance officielle Caldwell
C28,NGC 752,Caldwell | NGC/IC,,official_correspondence,Correspondance officielle Caldwell
C29,NGC 5005,Caldwell | NGC/IC,,official_correspondence,Correspondance officielle Caldwell
C30,NGC 7331,Caldwell | NGC/IC,,official_correspondence,Correspondance officielle Caldwell
C31,IC 405,Caldwell | NGC/IC,,official_correspondence,Correspondance officielle Caldwell
C32,NGC 4631,Caldwell | NGC/IC,,official_correspondence,Correspondance officielle Caldwell
C33,NGC 6992,Caldwell | NGC/IC,,official_correspondence,Correspondance officielle Caldwell
C34,NGC 6960,Caldwell | NGC/IC,,official_correspondence,Correspondance officielle Caldwell
C35,NGC 4889,Caldwell | NGC/IC,,official_correspondence,Correspondance officielle Caldwell
C36,NGC 4559,Caldwell | NGC/IC,,official_correspondence,Correspondance officielle Caldwell
C37,NGC 6885,Caldwell | NGC/IC,,official_correspondence,Correspondance officielle Caldwell
C38,NGC 4565,Caldwell | NGC/IC,,official_correspondence,Correspondance officielle Caldwell
C39,NGC 2392,Caldwell | NGC/IC,,official_correspondence,Correspondance officielle Caldwell
C40,NGC 3626,Caldwell | NGC/IC,,official_correspondence,Correspondance officielle Caldwell
C41,Mel 25,Caldwell | NGC/IC,,official_correspondence,Correspondance officielle Caldwell
C42,NGC 7006,Caldwell | NGC/IC,,official_correspondence,Correspondance officielle Caldwell
C43,NGC 7814,Caldwell | NGC/IC,,official_correspondence,Correspondance officielle Caldwell
C44,NGC 7479,Caldwell | NGC/IC,,official_correspondence,Correspondance officielle Caldwell
C45,NGC 5248,Caldwell | NGC/IC,,official_correspondence,Correspondance officielle Caldwell
C46,NGC 2261,Caldwell | NGC/IC,,official_correspondence,Correspondance officielle Caldwell
C47,NGC 6934,Caldwell | NGC/IC,,official_correspondence,Correspondance officielle Caldwell
C48,NGC 2775,Caldwell | NGC/IC,,official_correspondence,Correspondance officielle Caldwell
C49,NGC 2237,Caldwell | NGC/IC,,official_correspondence,Correspondance officielle Caldwell
C50,NGC 2244,Caldwell | NGC/IC,,official_correspondence,Correspondance officielle Caldwell
C51,IC 1613,Caldwell | NGC/IC,,official_correspondence,Correspondance officielle Caldwell
C52,NGC 4697,Caldwell | NGC/IC,,official_correspondence,Correspondance officielle Caldwell
C53,NGC 3115,Caldwell | NGC/IC,,official_correspondence,Correspondance officielle Caldwell
C54,NGC 2506,Caldwell | NGC/IC,,official_correspondence,Correspondance officielle Caldwell
C55,NGC 7009,Caldwell | NGC/IC,,official_correspondence,Correspondance officielle Caldwell
C56,NGC 246,Caldwell | NGC/IC,,official_correspondence,Correspondance officielle Caldwell
C57,NGC 6822,Caldwell | NGC/IC,,official_correspondence,Correspondance officielle Caldwell
C58,NGC 2360,Caldwell | NGC/IC,,official_correspondence,Correspondance officielle Caldwell
C59,NGC 3242,Caldwell | NGC/IC,,official_correspondence,Correspondance officielle Caldwell
C60,NGC 4038,Caldwell | NGC/IC,,official_correspondence,Correspondance officielle Caldwell
C61,NGC 4039,Caldwell | NGC/IC,,official_correspondence,Correspondance officielle Caldwell
C62,NGC 247,Caldwell | NGC/IC,,official_correspondence,Correspondance officielle Caldwell
C63,NGC 7293,Caldwell | NGC/IC,,official_correspondence,Correspondance officielle Caldwell
C64,NGC 2362,Caldwell | NGC/IC,,official_correspondence,Correspondance officielle Caldwell
C65,NGC 253,Caldwell | NGC/IC,,official_correspondence,Correspondance officielle Caldwell
C66,NGC 5694,Caldwell | NGC/IC,,official_correspondence,Correspondance officielle Caldwell
C67,NGC 1097,Caldwell | NGC/IC,,official_correspondence,Correspondance officielle Caldwell
C68,NGC 6729,Caldwell | NGC/IC,,official_correspondence,Correspondance officielle Caldwell
C69,NGC 6302,Caldwell | NGC/IC,,official_correspondence,Correspondance officielle Caldwell
C70,NGC 300,Caldwell | NGC/IC,,official_correspondence,Correspondance officielle Caldwell
C71,NGC 2477,Caldwell | NGC/IC,,official_correspondence,Correspondance officielle Caldwell
C72,NGC 55,Caldwell | NGC/IC,,official_correspondence,Correspondance officielle Caldwell
C73,NGC 1851,Caldwell | NGC/IC,,official_correspondence,Correspondance officielle Caldwell
C74,NGC 3132,Caldwell | NGC/IC,,official_correspondence,Correspondance officielle Caldwell
C75,NGC 6124,Caldwell | NGC/IC,,official_correspondence,Correspondance officielle Caldwell
C76,NGC 6231,Caldwell | NGC/IC,,official_correspondence,Correspondance officielle Caldwell
C77,NGC 5823,Caldwell | NGC/IC,,official_correspondence,Correspondance officielle Caldwell
C78,NGC 6541,Caldwell | NGC/IC,,official_correspondence,Correspondance officielle Caldwell
C79,NGC 3201,Caldwell | NGC/IC,,official_correspondence,Correspondance officielle Caldwell
C80,NGC 5139,Caldwell | NGC/IC,,official_correspondence,Correspondance officielle Caldwell
C81,NGC 6352,Caldwell | NGC/IC,,official_correspondence,Correspondance officielle Caldwell
C82,NGC 6193,Caldwell | NGC/IC,,official_correspondence,Correspondance officielle Caldwell
C83,NGC 4945,Caldwell | NGC/IC,,official_correspondence,Correspondance officielle Caldwell
C84,NGC 5286,Caldwell | NGC/IC,,official_correspondence,Correspondance officielle Caldwell
C85,IC 2391,Caldwell | NGC/IC,,official_correspondence,Correspondance officielle Caldwell
C86,NGC 6397,Caldwell | NGC/IC,,official_correspondence,Correspondance officielle Caldwell
C87,NGC 1261,Caldwell | NGC/IC,,official_correspondence,Correspondance officielle Caldwell
C88,NGC 5823,Caldwell | NGC/IC,,official_correspondence,Correspondance officielle Caldwell
C89,NGC 6087,Caldwell | NGC/IC,,official_correspondence,Correspondance officielle Caldwell
C90,NGC 2867,Caldwell | NGC/IC,,official_correspondence,Correspondance officielle Caldwell
C91,NGC 3532,Caldwell | NGC/IC,,official_correspondence,Correspondance officielle Caldwell
C92,NGC 3372,Caldwell | NGC/IC,,official_correspondence,Correspondance officielle Caldwell
C93,NGC 6752,Caldwell | NGC/IC,,official_correspondence,Correspondance officielle Caldwell
C94,NGC 4755,Caldwell | NGC/IC,,official_correspondence,Correspondance officielle Caldwell
C95,NGC 6025,Caldwell | NGC/IC,,official_correspondence,Correspondance officielle Caldwell
C96,NGC 2516,Caldwell | NGC/IC,,official_correspondence,Correspondance officielle Caldwell
C97,NGC 3766,Caldwell | NGC/IC,,official_correspondence,Correspondance officielle Caldwell
C98,NGC 4609,Caldwell | NGC/IC,,official_correspondence,Correspondance officielle Caldwell
C99,NGC 4889,Caldwell | NGC/IC,,official_correspondence,Correspondance officielle Caldwell
C100,IC 2944,Caldwell | NGC/IC,,official_correspondence,Correspondance officielle Caldwell
C101,NGC 6744,Caldwell | NGC/IC,,official_correspondence,Correspondance officielle Caldwell
C102,IC 2602,Caldwell | NGC/IC,,official_correspondence,Correspondance officielle Caldwell
C103,NGC 2070,Caldwell | NGC/IC,,official_correspondence,Correspondance officielle Caldwell
C104,NGC 362,Caldwell | NGC/IC,,official_correspondence,Correspondance officielle Caldwell
C105,NGC 4833,Caldwell | NGC/IC,,official_correspondence,Correspondance officielle Caldwell
C106,NGC 104,Caldwell | NGC/IC,,official_correspondence,Correspondance officielle Caldwell
C107,NGC 6101,Caldwell | NGC/IC,,official_correspondence,Correspondance officielle Caldwell
C108,NGC 4372,Caldwell | NGC/IC,,official_correspondence,Correspondance officielle Caldwell
C109,NGC 3195,Caldwell | NGC/IC,,official_correspondence,Correspondance officielle Caldwell
Sh2-8,NGC 6523,Sharpless | NGC/IC,,known_correspondence,Correspondance Sharpless-NGC/IC
Sh2-17,NGC 6618,Sharpless | NGC/IC,,known_correspondence,Correspondance Sharpless-NGC/IC
Sh2-20,NGC 6514,Sharpless | NGC/IC,,known_correspondence,Correspondance Sharpless-NGC/IC
Sh2-27,NGC 6853,Sharpless | NGC/IC,,known_correspondence,Correspondance Sharpless-NGC/IC
Sh2-49,NGC 2237,Sharpless | NGC/IC,,known_correspondence,Correspondance Sharpless-NGC/IC
Sh2-51,NGC 1976,Sharpless | NGC/IC,,known_correspondence,Correspondance Sharpless-NGC/IC
Sh2-52,NGC 1982,Sharpless | NGC/IC,,known_correspondence,Correspondance Sharpless-NGC/IC
Sh2-53,NGC 2068,Sharpless | NGC/IC,,known_correspondence,Correspondance Sharpless-NGC/IC
Sh2-67,NGC 1499,Sharpless | NGC/IC,,known_correspondence,Correspondance Sharpless-NGC/IC
Sh2-185,NGC 7635,Sharpless | NGC/IC,,known_correspondence,Correspondance Sharpless-NGC/IC
Sh2-224,NGC 1976,Sharpless | NGC/IC,,known_correspondence,Correspondance Sharpless-NGC/IC
Sh2-243,NGC 2237,Sharpless | NGC/IC,,known_correspondence,Correspondance Sharpless-NGC/IC
Sh2-254,NGC 6611,Sharpless | NGC/IC,,known_correspondence,Correspondance Sharpless-NGC/IC
Sh2-276,LBN 974,Sharpless | NGC/IC,,known_correspondence,Correspondance Sharpless-NGC/IC
UGC 170,NGC 224,UGC | NGC,,galaxy_correspondence,Correspondance UGC-NGC pour galaxies
UGC 3700,NGC 3031,UGC | NGC,,galaxy_correspondence,Correspondance UGC-NGC pour galaxies
UGC 3800,NGC 3034,UGC | NGC,,galaxy_correspondence,Correspondance UGC-NGC pour galaxies
UGC 4200,NGC 3368,UGC | NGC,,galaxy_correspondence,Correspondance UGC-NGC pour galaxies
UGC 4400,NGC 3623,UGC | NGC,,galaxy_correspondence,Correspondance UGC-NGC pour galaxies
UGC 4500,NGC 3627,UGC | NGC,,galaxy_correspondence,Correspondance UGC-NGC pour galaxies
UGC 5200,NGC 4486,UGC | NGC,,galaxy_correspondence,Correspondance UGC-NGC pour galaxies
UGC 6400,NGC 5194,UGC | NGC,,galaxy_correspondence,Correspondance UGC-NGC pour galaxies
UGC 6700,NGC 5457,UGC | NGC,,galaxy_correspondence,Correspondance UGC-NGC pour galaxies
UGC 7000,NGC 6341,UGC | NGC,,galaxy_correspondence,Correspondance UGC-NGC pour galaxies
UGC 7500,NGC 6618,UGC | NGC,,galaxy_correspondence,Correspondance UGC-NGC pour galaxies
UGC 8000,NGC 7078,UGC | NGC,,galaxy_correspondence,Correspondance UGC-NGC pour galaxies
PGC 224,NGC 224,PGC | NGC,,galaxy_correspondence,Correspondance PGC-NGC pour galaxies
PGC 3031,NGC 3031,PGC | NGC,,galaxy_correspondence,Correspondance PGC-NGC pour galaxies
PGC 3034,NGC 3034,PGC | NGC,,galaxy_correspondence,Correspondance PGC-NGC pour galaxies
PGC 4594,NGC 4594,PGC | NGC,,galaxy_correspondence,Correspondance PGC-NGC pour galaxies
PGC 5194,NGC 5194,PGC | NGC,,galaxy_correspondence,Correspondance PGC-NGC pour galaxies
PGC 5457,NGC 5457,PGC | NGC,,galaxy_correspondence,Correspondance PGC-NGC pour galaxies
PGC 1068,NGC 1068,PGC | NGC,,galaxy_correspondence,Correspondance PGC-NGC pour galaxies
PGC 4486,NGC 4486,PGC | NGC,,galaxy_correspondence,Correspondance PGC-NGC pour galaxies
M31,NGC 224 | UGC 454 | PGC 2557,Messier | NGC | UGC | PGC,Galaxie d Andromède,multiple_catalogs,Objet très célèbre dans plusieurs catalogues
M42,NGC 1976 | Sh2-51 | Sh2-224,Messier | NGC | Sharpless,Grande Nébuleuse d Orion,multiple_catalogs,Nébuleuse célèbre dans plusieurs catalogues
M81,NGC 3031 | UGC 5318 | PGC 28630,Messier | NGC | UGC | PGC,Galaxie de Bode,multiple_catalogs,Galaxie spirale célèbre
M51,NGC 5194 | UGC 8493 | PGC 47404,Messier | NGC | UGC | PGC,Galaxie du Tourbillon,multiple_catalogs,Galaxie spirale avec bras bien définis
NGC 224,IC 1653 | IC 1654,NGC | IC,Composantes de la Galaxie d Andromède,coordinate_proximity,Objets proches dans la même région
NGC 1976,IC 419,NGC | IC,Région de la Grande Nébuleuse d Orion,coordinate_proximity,Composantes de la nébuleuse d Orion
NGC 5194,NGC 5195,NGC | NGC,Galaxie du Tourbillon et sa compagne,interacting_pair,Paire de galaxies en interaction
NGC 4038,NGC 4039,NGC | NGC,Galaxies des Antennes,interacting_pair,Paire de galaxies en collision
NGC 3031,NGC 3034,NGC | NGC,Groupe de galaxies de M81,galaxy_group,Galaxies du même groupe local
NGC 4486,NGC 4374 | NGC 4382,NGC | NGC,Amas de la Vierge central,cluster_members,Galaxies centrales de l amas de la Vierge
Abell 2218,NGC 6944,Abell | NGC,Amas de galaxies avec lentille gravitationnelle,cluster_galaxy,Galaxie centrale d amas Abell
Abell 2151,UGC 8973,Abell | UGC,Amas d Hercule,cluster_galaxy,Galaxie membre de l amas d Hercule
Abell 1656,NGC 4889 | NGC 4874,Abell | NGC,Amas de Coma,cluster_galaxies,Galaxies dominantes de l amas de Coma
Abell 426,NGC 1275,Abell | NGC,Amas de Persée,cluster_galaxy,Galaxie centrale de l amas de Persée
Sh2-104,IC 1318,Sharpless | IC,Nébuleuse du Papillon,nebula_complex,Région HII complexe
Sh2-155,NGC 7023,Sharpless | NGC,Nébuleuse de la Caverne,nebula_complex,Région de formation stellaire
Sh2-132,NGC 7000,Sharpless | NGC,Nébuleuse de l Amérique du Nord,nebula_identification,Région HII étendue
Sh2-101,IC 1318,Sharpless | IC,Région du Cygne,nebula_complex,Complexe de nébuleuses
M2,M3 | M4 | M5 | M9 | M10 | M12 | M14 | M15 | M19 | M22 | M28 | M30 | M53 | M54 | M55 | M56 | M62 | M68 | M69 | M70 | M71 | M72 | M75 | M79 | M80 | M92 | M107 | C107 | C108,Caldwell | Messier,Amas globulaire,common_name_match,Correspondance par nom commun: amasglobulaire
M8,C8 | C58 | Sh2-8,Caldwell | Messier | Sharpless,Nébuleuse de la Lagune,common_name_match,Correspondance par nom commun: nbuleusedelalagune
M16,C50 | C60 | Sh2-254,Caldwell | Messier | Sharpless,Nébuleuse de l'Aigle,common_name_match,Correspondance par nom commun: nbuleusedelaigle
M17,C61,Caldwell | Messier,Nébuleuse Omega,common_name_match,Correspondance par nom commun: nbuleuseomega
M18,M21 | M23 | M25 | M26 | M29 | M34 | M35 | M36 | M37 | M38 | M39 | M41 | M46 | M47 | M48 | M50 | M52 | M67 | M93 | M103 | C28 | C37,Caldwell | Messier,Amas ouvert,common_name_match,Correspondance par nom commun: amasouvert
M20,C59 | Sh2-20,Caldwell | Messier | Sharpless,Nébuleuse Trifide,common_name_match,Correspondance par nom commun: nbuleusetrifide
M27,Sh2-27,Messier | Sharpless,Nébuleuse de l'Haltère,common_name_match,Correspondance par nom commun: nbuleusedelhaltre
M31,C31 | Sh2-80,Caldwell | Messier | Sharpless,Galaxie d'Andromède,common_name_match,Correspondance par nom commun: galaxiedandromde
M33,C33,Caldwell | Messier,Galaxie du Triangle,common_name_match,Correspondance par nom commun: galaxiedutriangle
M42,Sh2-51 | Sh2-224,Messier | Sharpless,Grande Nébuleuse d'Orion,common_name_match,Correspondance par nom commun: grandenbuleusedorion
M45,C45,Caldwell | Messier,Pléiades,common_name_match,Correspondance par nom commun: pliades
M61,M65 | M66 | M74 | M77 | M88 | M90 | M94 | M96 | M98 | M99 | M100 | M106 | M108 | C7 | C52 | C53 | C62 | C78 | C84 | C86 | C106,Caldwell | Messier,Galaxie spirale,common_name_match,Correspondance par nom commun: galaxiespirale
C17,C49 | Sh2-49 | Sh2-243 | Sh2-252,Caldwell | Sharpless,Nébuleuse de la Rosette,common_name_match,Correspondance par nom commun: nbuleusedelarosette
C38,Sh2-296,Caldwell | Sharpless,Nébuleuse de la Mouette,common_name_match,Correspondance par nom commun: nbuleusedelamouette
C46,C103 | Sh2-54 | Sh2-249,Caldwell | Sharpless,Nébuleuse du Cône,common_name_match,Correspondance par nom commun: nbuleuseducne
UGC 80,PGC 134,UGC | PGC,NGC 134,common_name_match,Correspondance par nom commun: ngc134
UGC 90,PGC 147,UGC | PGC,NGC 147,common_name_match,Correspondance par nom commun: ngc147
UGC 130,PGC 185,UGC | PGC,NGC 185,common_name_match,Correspondance par nom commun: ngc185
UGC 150,PGC 205,UGC | PGC,NGC 205,common_name_match,Correspondance par nom commun: ngc205
UGC 165,PGC 221,UGC | PGC,NGC 221,common_name_match,Correspondance par nom commun: ngc221
UGC 170,PGC 224,UGC | PGC,NGC 224,common_name_match,Correspondance par nom commun: ngc224
UGC 180,PGC 247,UGC | PGC,NGC 247,common_name_match,Correspondance par nom commun: ngc247
UGC 185,PGC 253,UGC | PGC,NGC 253,common_name_match,Correspondance par nom commun: ngc253
UGC 300,PGC 488,UGC | PGC,NGC 488,common_name_match,Correspondance par nom commun: ngc488
UGC 400,PGC 628,UGC | PGC,NGC 628,common_name_match,Correspondance par nom commun: ngc628
UGC 500,PGC 772,UGC | PGC,NGC 772,common_name_match,Correspondance par nom commun: ngc772
UGC 600,PGC 891,UGC | PGC,NGC 891,common_name_match,Correspondance par nom commun: ngc891
UGC 700,PGC 1023,UGC | PGC,NGC 1023,common_name_match,Correspondance par nom commun: ngc1023
UGC 800,PGC 1068,UGC | PGC,NGC 1068,common_name_match,Correspondance par nom commun: ngc1068
UGC 900,PGC 1300,UGC | PGC,NGC 1300,common_name_match,Correspondance par nom commun: ngc1300
UGC 1000,PGC 1316,UGC | PGC,NGC 1316,common_name_match,Correspondance par nom commun: ngc1316
UGC 1100,PGC 1365,UGC | PGC,NGC 1365,common_name_match,Correspondance par nom commun: ngc1365
UGC 1200,PGC 1399,UGC | PGC,NGC 1399,common_name_match,Correspondance par nom commun: ngc1399
UGC 1300,PGC 1404,UGC | PGC,NGC 1404,common_name_match,Correspondance par nom commun: ngc1404
UGC 1400,PGC 1433,UGC | PGC,NGC 1433,common_name_match,Correspondance par nom commun: ngc1433
UGC 1600,PGC 1532,UGC | PGC,NGC 1532,common_name_match,Correspondance par nom commun: ngc1532
UGC 1700,PGC 1566,UGC | PGC,NGC 1566,common_name_match,Correspondance par nom commun: ngc1566
UGC 1800,PGC 1637,UGC | PGC,NGC 1637,common_name_match,Correspondance par nom commun: ngc1637
UGC 1900,PGC 1672,UGC | PGC,NGC 1672,common_name_match,Correspondance par nom commun: ngc1672
UGC 2100,PGC 1700,UGC | PGC,NGC 1700,common_name_match,Correspondance par nom commun: ngc1700
UGC 2200,PGC 1808,UGC | PGC,NGC 1808,common_name_match,Correspondance par nom commun: ngc1808
UGC 3700,PGC 3031,UGC | PGC,NGC 3031,common_name_match,Correspondance par nom commun: ngc3031
UGC 3800,PGC 3034,UGC | PGC,NGC 3034,common_name_match,Correspondance par nom commun: ngc3034
UGC 3900,PGC 3115,UGC | PGC,NGC 3115,common_name_match,Correspondance par nom commun: ngc3115
UGC 4000,PGC 3198,UGC | PGC,NGC 3198,common_name_match,Correspondance par nom commun: ngc3198
UGC 4100,PGC 3351,UGC | PGC,NGC 3351,common_name_match,Correspondance par nom commun: ngc3351
UGC 4200,PGC 3368,UGC | PGC,NGC 3368,common_name_match,Correspondance par nom commun: ngc3368
UGC 4300,PGC 3379,UGC | PGC,NGC 3379,common_name_match,Correspondance par nom commun: ngc3379
UGC 4400,PGC 3623,UGC | PGC,NGC 3623,common_name_match,Correspondance par nom commun: ngc3623
UGC 4500,PGC 3627,UGC | PGC,NGC 3627,common_name_match,Correspondance par nom commun: ngc3627
UGC 4600,PGC 3992,UGC | PGC,NGC 3992,common_name_match,Correspondance par nom commun: ngc3992
UGC 4700,PGC 4258,UGC | PGC,NGC 4258,common_name_match,Correspondance par nom commun: ngc4258
UGC 4800,PGC 4374,UGC | PGC,NGC 4374,common_name_match,Correspondance par nom commun: ngc4374
UGC 4900,PGC 4382,UGC | PGC,NGC 4382,common_name_match,Correspondance par nom commun: ngc4382
UGC 5000,PGC 4406,UGC | PGC,NGC 4406,common_name_match,Correspondance par nom commun: ngc4406
UGC 5100,PGC 4472,UGC | PGC,NGC 4472,common_name_match,Correspondance par nom commun: ngc4472
UGC 5200,PGC 4486,UGC | PGC,NGC 4486,common_name_match,Correspondance par nom commun: ngc4486
UGC 5300,PGC 4501,UGC | PGC,NGC 4501,common_name_match,Correspondance par nom commun: ngc4501
UGC 5400,PGC 4552,UGC | PGC,NGC 4552,common_name_match,Correspondance par nom commun: ngc4552
UGC 5500,PGC 4569,UGC | PGC,NGC 4569,common_name_match,Correspondance par nom commun: ngc4569
UGC 5600,PGC 4579,UGC | PGC,NGC 4579,common_name_match,Correspondance par nom commun: ngc4579
UGC 5700,PGC 4594,UGC | PGC,NGC 4594,common_name_match,Correspondance par nom commun: ngc4594
UGC 5800,PGC 4621,UGC | PGC,NGC 4621,common_name_match,Correspondance par nom commun: ngc4621
UGC 5900,PGC 4649,UGC | PGC,NGC 4649,common_name_match,Correspondance par nom commun: ngc4649
UGC 6000,PGC 4736,UGC | PGC,NGC 4736,common_name_match,Correspondance par nom commun: ngc4736
UGC 6100,PGC 4826,UGC | PGC,NGC 4826,common_name_match,Correspondance par nom commun: ngc4826
UGC 6300,PGC 5055,UGC | PGC,NGC 5055,common_name_match,Correspondance par nom commun: ngc5055
UGC 6400,PGC 5194 | PGC 51522,UGC | PGC,NGC 5194,common_name_match,Correspondance par nom commun: ngc5194
UGC 6500,PGC 5236,UGC | PGC,NGC 5236,common_name_match,Correspondance par nom commun: ngc5236
UGC 6700,PGC 5457,UGC | PGC,NGC 5457,common_name_match,Correspondance par nom commun: ngc5457
UGC 6800,PGC 5866,UGC | PGC,NGC 5866,common_name_match,Correspondance par nom commun: ngc5866
M1,UGC 2600,Messier | UGC,Nébuleuse du Crabe,coordinate_match,Distance: 0.0000°
M2,Sh2-44,Messier | Sharpless,Amas globulaire,coordinate_match,Distance: 0.0375°
M2,Sh2-193,Messier | Sharpless,Amas globulaire,coordinate_match,Distance: 0.0375°
M2,UGC 8400,Messier | UGC,Amas globulaire,coordinate_match,Distance: 0.0375°
Sh2-44,UGC 8400,Sharpless | UGC,NGC 7089,coordinate_match,Distance: 0.0000°
Sh2-193,UGC 8400,Sharpless | UGC,NGC 7089,coordinate_match,Distance: 0.0000°
M3,Sh2-149,Messier | Sharpless,Amas globulaire,coordinate_match,Distance: 0.0134°
M3,UGC 6600,Messier | UGC,Amas globulaire,coordinate_match,Distance: 0.0134°
Sh2-149,UGC 6600,Sharpless | UGC,NGC 5272,coordinate_match,Distance: 0.0000°
M4,Sh2-154,Messier | Sharpless,Amas globulaire,coordinate_match,Distance: 0.0014°
M5,Sh2-152,Messier | Sharpless,Amas globulaire,coordinate_match,Distance: 0.0051°
M6,Sh2-164,Messier | Sharpless,Amas du Papillon,coordinate_match,Distance: 0.0000°
M7,Sh2-165,Messier | Sharpless,Amas de Ptolémée,coordinate_match,Distance: 0.0514°
M8,C8,Messier | Caldwell,Nébuleuse de la Lagune,coordinate_match,Distance: 0.0000°
M8,C58,Messier | Caldwell,Nébuleuse de la Lagune,coordinate_match,Distance: 0.0000°
M8,Sh2-8,Messier | Sharpless,Nébuleuse de la Lagune,coordinate_match,Distance: 0.0683°
M8,Sh2-168,Messier | Sharpless,Nébuleuse de la Lagune,coordinate_match,Distance: 0.0683°
M8,UGC 7300,Messier | UGC,Nébuleuse de la Lagune,coordinate_match,Distance: 0.0683°
C8,Sh2-8,Caldwell | Sharpless,Nébuleuse de la Lagune,coordinate_match,Distance: 0.0683°
C8,Sh2-168,Caldwell | Sharpless,Nébuleuse de la Lagune,coordinate_match,Distance: 0.0683°
C8,UGC 7300,Caldwell | UGC,Nébuleuse de la Lagune,coordinate_match,Distance: 0.0683°
C58,Sh2-8,Caldwell | Sharpless,Nébuleuse de la Lagune,coordinate_match,Distance: 0.0683°
C58,Sh2-168,Caldwell | Sharpless,Nébuleuse de la Lagune,coordinate_match,Distance: 0.0683°
C58,UGC 7300,Caldwell | UGC,Nébuleuse de la Lagune,coordinate_match,Distance: 0.0683°
Sh2-8,UGC 7300,Sharpless | UGC,Nébuleuse de la Lagune,coordinate_match,Distance: 0.0000°
Sh2-168,UGC 7300,Sharpless | UGC,NGC 6523,coordinate_match,Distance: 0.0000°
M9,Sh2-161,Messier | Sharpless,Amas globulaire,coordinate_match,Distance: 0.0000°
M11,Sh2-178,Messier | Sharpless,Amas du Canard Sauvage,coordinate_match,Distance: 0.0000°
M13,Sh2-156,Messier | Sharpless,Grand Amas d'Hercule,coordinate_match,Distance: 0.0097°
M13,UGC 6900,Messier | UGC,Grand Amas d'Hercule,coordinate_match,Distance: 0.0097°
Sh2-156,UGC 6900,Sharpless | UGC,NGC 6205,coordinate_match,Distance: 0.0000°
M14,Sh2-163,Messier | Sharpless,Amas globulaire,coordinate_match,Distance: 0.0135°
M14,UGC 7100,Messier | UGC,Amas globulaire,coordinate_match,Distance: 0.0135°
Sh2-163,UGC 7100,Sharpless | UGC,NGC 6402,coordinate_match,Distance: 0.0000°
M15,Sh2-42,Messier | Sharpless,Amas globulaire,coordinate_match,Distance: 0.0000°
M15,Sh2-189,Messier | Sharpless,Amas globulaire,coordinate_match,Distance: 0.0000°
M15,UGC 8000,Messier | UGC,Amas globulaire,coordinate_match,Distance: 0.0000°
Sh2-42,UGC 8000,Sharpless | UGC,NGC 7078,coordinate_match,Distance: 0.0000°
Sh2-189,UGC 8000,Sharpless | UGC,NGC 7078,coordinate_match,Distance: 0.0000°
M16,C50,Messier | Caldwell,Nébuleuse de l'Aigle,coordinate_match,Distance: 0.0000°
M16,C60,Messier | Caldwell,Nébuleuse de l'Aigle,coordinate_match,Distance: 0.0000°
M16,Sh2-170,Messier | Sharpless,Nébuleuse de l'Aigle,coordinate_match,Distance: 0.0000°
M16,Sh2-254,Messier | Sharpless,Nébuleuse de l'Aigle,coordinate_match,Distance: 0.0000°
M16,UGC 7400,Messier | UGC,Nébuleuse de l'Aigle,coordinate_match,Distance: 0.0000°
C50,Sh2-170,Caldwell | Sharpless,Nébuleuse de l'Aigle,coordinate_match,Distance: 0.0000°
C50,Sh2-254,Caldwell | Sharpless,Nébuleuse de l'Aigle,coordinate_match,Distance: 0.0000°
C50,UGC 7400,Caldwell | UGC,Nébuleuse de l'Aigle,coordinate_match,Distance: 0.0000°
C60,Sh2-170,Caldwell | Sharpless,Nébuleuse de l'Aigle,coordinate_match,Distance: 0.0000°
C60,Sh2-254,Caldwell | Sharpless,Nébuleuse de l'Aigle,coordinate_match,Distance: 0.0000°
C60,UGC 7400,Caldwell | UGC,Nébuleuse de l'Aigle,coordinate_match,Distance: 0.0000°
Sh2-170,UGC 7400,Sharpless | UGC,NGC 6611,coordinate_match,Distance: 0.0000°
Sh2-254,UGC 7400,Sharpless | UGC,Nébuleuse de l'Aigle,coordinate_match,Distance: 0.0000°
M17,Sh2-17,Messier | Sharpless,Nébuleuse Omega,coordinate_match,Distance: 0.0591°
M17,Sh2-172,Messier | Sharpless,Nébuleuse Omega,coordinate_match,Distance: 0.0591°
M17,UGC 7500,Messier | UGC,Nébuleuse Omega,coordinate_match,Distance: 0.0591°
C61,Sh2-17,Caldwell | Sharpless,Nébuleuse Omega,coordinate_match,Distance: 0.0591°
C61,Sh2-172,Caldwell | Sharpless,Nébuleuse Omega,coordinate_match,Distance: 0.0591°
C61,UGC 7500,Caldwell | UGC,Nébuleuse Omega,coordinate_match,Distance: 0.0591°
Sh2-17,UGC 7500,Sharpless | UGC,Nébuleuse Oméga,coordinate_match,Distance: 0.0000°
Sh2-172,UGC 7500,Sharpless | UGC,NGC 6618,coordinate_match,Distance: 0.0000°
M19,Sh2-160,Messier | Sharpless,Amas globulaire,coordinate_match,Distance: 0.0337°
Sh2-31,UGC 7600,Sharpless | UGC,NGC 6656,coordinate_match,Distance: 0.0000°
Sh2-175,UGC 7600,Sharpless | UGC,NGC 6656,coordinate_match,Distance: 0.0000°
M23,Sh2-23,Messier | Sharpless,Amas ouvert,coordinate_match,Distance: 0.0000°
M23,Sh2-166,Messier | Sharpless,Amas ouvert,coordinate_match,Distance: 0.0000°
M27,Sh2-184,Messier | Sharpless,Nébuleuse de l'Haltère,coordinate_match,Distance: 0.0050°
M27,UGC 7800,Messier | UGC,Nébuleuse de l'Haltère,coordinate_match,Distance: 0.0050°
Sh2-27,UGC 7800,Sharpless | UGC,Nébuleuse de l'Haltère,coordinate_match,Distance: 0.0000°
Sh2-184,UGC 7800,Sharpless | UGC,NGC 6853,coordinate_match,Distance: 0.0000°
M29,Sh2-29,Messier | Sharpless,Amas ouvert,coordinate_match,Distance: 0.0481°
M29,UGC 7900,Messier | UGC,Amas ouvert,coordinate_match,Distance: 0.0481°
Sh2-29,UGC 7900,Sharpless | UGC,NGC 6913,coordinate_match,Distance: 0.0000°
M30,Sh2-30,Messier | Sharpless,Amas globulaire,coordinate_match,Distance: 0.0566°
M30,Sh2-191,Messier | Sharpless,Amas globulaire,coordinate_match,Distance: 0.0566°
M30,UGC 8200,Messier | UGC,Amas globulaire,coordinate_match,Distance: 0.0566°
M31,C31,Messier | Caldwell,Galaxie d'Andromède,coordinate_match,Distance: 0.0000°
M31,Sh2-80,Messier | Sharpless,Galaxie d'Andromède,coordinate_match,Distance: 0.0006°
M31,Sh2-259,Messier | Sharpless,Galaxie d'Andromède,coordinate_match,Distance: 0.0006°
M31,UGC 170,Messier | UGC,Galaxie d'Andromède,coordinate_match,Distance: 0.0006°
M31,PGC 224,Messier | PGC,Galaxie d'Andromède,coordinate_match,Distance: 0.0006°
M32,Sh2-79,Messier | Sharpless,Galaxie elliptique,coordinate_match,Distance: 0.0477°
M32,Sh2-258,Messier | Sharpless,Galaxie elliptique,coordinate_match,Distance: 0.0477°
M32,UGC 165,Messier | UGC,Galaxie elliptique,coordinate_match,Distance: 0.0477°
M32,PGC 221,Messier | PGC,Galaxie elliptique,coordinate_match,Distance: 0.0477°
M110,Sh2-78,Messier | Sharpless,Galaxie elliptique naine,coordinate_match,Distance: 0.0000°
M110,Sh2-257,Messier | Sharpless,Galaxie elliptique naine,coordinate_match,Distance: 0.0000°
M110,UGC 150,Messier | UGC,Galaxie elliptique naine,coordinate_match,Distance: 0.0000°
M110,PGC 205,Messier | PGC,Galaxie elliptique naine,coordinate_match,Distance: 0.0000°
C31,Sh2-80,Caldwell | Sharpless,Galaxie d'Andromède,coordinate_match,Distance: 0.0006°
C31,Sh2-259,Caldwell | Sharpless,Galaxie d'Andromède,coordinate_match,Distance: 0.0006°
C31,UGC 170,Caldwell | UGC,Galaxie d'Andromède,coordinate_match,Distance: 0.0006°
C31,PGC 224,Caldwell | PGC,Galaxie d'Andromède,coordinate_match,Distance: 0.0006°
Sh2-78,UGC 150,Sharpless | UGC,NGC 205,coordinate_match,Distance: 0.0000°
Sh2-78,PGC 205,Sharpless | PGC,NGC 205,coordinate_match,Distance: 0.0000°
Sh2-79,UGC 165,Sharpless | UGC,NGC 221,coordinate_match,Distance: 0.0000°
Sh2-79,PGC 221,Sharpless | PGC,NGC 221,coordinate_match,Distance: 0.0000°
Sh2-80,UGC 170,Sharpless | UGC,Galaxie d'Andromède,coordinate_match,Distance: 0.0000°
Sh2-80,PGC 224,Sharpless | PGC,Galaxie d'Andromède,coordinate_match,Distance: 0.0000°
Sh2-257,UGC 150,Sharpless | UGC,NGC 205,coordinate_match,Distance: 0.0000°
Sh2-257,PGC 205,Sharpless | PGC,NGC 205,coordinate_match,Distance: 0.0000°
Sh2-258,UGC 165,Sharpless | UGC,NGC 221,coordinate_match,Distance: 0.0000°
Sh2-258,PGC 221,Sharpless | PGC,NGC 221,coordinate_match,Distance: 0.0000°
Sh2-259,UGC 170,Sharpless | UGC,NGC 224,coordinate_match,Distance: 0.0000°
Sh2-259,PGC 224,Sharpless | PGC,NGC 224,coordinate_match,Distance: 0.0000°
Sh2-81,PGC 598,Sharpless | PGC,M33,coordinate_match,Distance: 0.0000°
Sh2-260,PGC 598,Sharpless | PGC,M33,coordinate_match,Distance: 0.0000°
M34,Sh2-65,Messier | Sharpless,Amas ouvert,coordinate_match,Distance: 0.0166°
M34,Sh2-215,Messier | Sharpless,Amas ouvert,coordinate_match,Distance: 0.0166°
M34,Sh2-244,Messier | Sharpless,Amas ouvert,coordinate_match,Distance: 0.0166°
M35,Sh2-58,Messier | Sharpless,Amas ouvert,coordinate_match,Distance: 0.0574°
M35,Sh2-208,Messier | Sharpless,Amas ouvert,coordinate_match,Distance: 0.0574°
M35,Sh2-311,Messier | Sharpless,Amas ouvert,coordinate_match,Distance: 0.0574°
M36,C37,Messier | Caldwell,Amas ouvert,coordinate_match,Distance: 0.0000°
M36,Sh2-60,Messier | Sharpless,Amas ouvert,coordinate_match,Distance: 0.0000°
M36,Sh2-210,Messier | Sharpless,Amas ouvert,coordinate_match,Distance: 0.0000°
M36,Sh2-239,Messier | Sharpless,Amas ouvert,coordinate_match,Distance: 0.0000°
M36,Sh2-313,Messier | Sharpless,Amas ouvert,coordinate_match,Distance: 0.0000°
C37,Sh2-60,Caldwell | Sharpless,Amas ouvert,coordinate_match,Distance: 0.0000°
C37,Sh2-210,Caldwell | Sharpless,Amas ouvert,coordinate_match,Distance: 0.0000°
C37,Sh2-239,Caldwell | Sharpless,Amas ouvert,coordinate_match,Distance: 0.0000°
C37,Sh2-313,Caldwell | Sharpless,Amas ouvert,coordinate_match,Distance: 0.0000°
M37,Sh2-59,Messier | Sharpless,Amas ouvert,coordinate_match,Distance: 0.0531°
M37,Sh2-209,Messier | Sharpless,Amas ouvert,coordinate_match,Distance: 0.0531°
M37,Sh2-238,Messier | Sharpless,Amas ouvert,coordinate_match,Distance: 0.0531°
M37,Sh2-312,Messier | Sharpless,Amas ouvert,coordinate_match,Distance: 0.0531°
M37,UGC 3000,Messier | UGC,Amas ouvert,coordinate_match,Distance: 0.0531°
Sh2-59,UGC 3000,Sharpless | UGC,NGC 2099,coordinate_match,Distance: 0.0000°
Sh2-209,UGC 3000,Sharpless | UGC,NGC 2099,coordinate_match,Distance: 0.0000°
Sh2-238,UGC 3000,Sharpless | UGC,NGC 2099,coordinate_match,Distance: 0.0000°
Sh2-312,UGC 3000,Sharpless | UGC,NGC 2099,coordinate_match,Distance: 0.0000°
M38,Sh2-61,Messier | Sharpless,Amas ouvert,coordinate_match,Distance: 0.0000°
M38,Sh2-211,Messier | Sharpless,Amas ouvert,coordinate_match,Distance: 0.0000°
M39,Sh2-39,Messier | Sharpless,Amas ouvert,coordinate_match,Distance: 0.0000°
M39,Sh2-190,Messier | Sharpless,Amas ouvert,coordinate_match,Distance: 0.0000°
M39,UGC 8100,Messier | UGC,Amas ouvert,coordinate_match,Distance: 0.0000°
Sh2-39,UGC 8100,Sharpless | UGC,NGC 7092,coordinate_match,Distance: 0.0000°
Sh2-190,UGC 8100,Sharpless | UGC,NGC 7092,coordinate_match,Distance: 0.0000°
Sh2-55,UGC 3100,Sharpless | UGC,NGC 2287,coordinate_match,Distance: 0.0000°
Sh2-200,UGC 3100,Sharpless | UGC,NGC 2287,coordinate_match,Distance: 0.0000°
Sh2-229,UGC 3100,Sharpless | UGC,NGC 2287,coordinate_match,Distance: 0.0000°
Sh2-303,UGC 3100,Sharpless | UGC,NGC 2287,coordinate_match,Distance: 0.0000°
M42,C42,Messier | Caldwell,Grande Nébuleuse d'Orion,coordinate_match,Distance: 0.0000°
M42,Sh2-51,Messier | Sharpless,Grande Nébuleuse d'Orion,coordinate_match,Distance: 0.0056°
M42,Sh2-195,Messier | Sharpless,Grande Nébuleuse d'Orion,coordinate_match,Distance: 0.0056°
M42,Sh2-298,Messier | Sharpless,Grande Nébuleuse d'Orion,coordinate_match,Distance: 0.0056°
M43,Sh2-52,Messier | Sharpless,Nébuleuse de Mairan,coordinate_match,Distance: 0.0634°
M43,Sh2-196,Messier | Sharpless,Nébuleuse de Mairan,coordinate_match,Distance: 0.0634°
M43,Sh2-225,Messier | Sharpless,Nébuleuse de Mairan,coordinate_match,Distance: 0.0634°
M43,Sh2-299,Messier | Sharpless,Nébuleuse de Mairan,coordinate_match,Distance: 0.0634°
M43,UGC 2800,Messier | UGC,Nébuleuse de Mairan,coordinate_match,Distance: 0.0634°
C42,Sh2-51,Caldwell | Sharpless,Nébuleuse d'Orion,coordinate_match,Distance: 0.0056°
C42,Sh2-195,Caldwell | Sharpless,Nébuleuse d'Orion,coordinate_match,Distance: 0.0056°
C42,Sh2-298,Caldwell | Sharpless,Nébuleuse d'Orion,coordinate_match,Distance: 0.0056°
Sh2-52,UGC 2800,Sharpless | UGC,NGC 1982,coordinate_match,Distance: 0.0000°
Sh2-196,UGC 2800,Sharpless | UGC,NGC 1982,coordinate_match,Distance: 0.0000°
Sh2-224,UGC 2700,Sharpless | UGC,Grande Nébuleuse d'Orion,coordinate_match,Distance: 0.0000°
Sh2-225,UGC 2800,Sharpless | UGC,NGC 1982,coordinate_match,Distance: 0.0000°
Sh2-299,UGC 2800,Sharpless | UGC,NGC 1982,coordinate_match,Distance: 0.0000°
M44,Sh2-56,Messier | Sharpless,Amas de la Ruche,coordinate_match,Distance: 0.0000°
M44,Sh2-309,Messier | Sharpless,Amas de la Ruche,coordinate_match,Distance: 0.0000°
M48,Sh2-48,Messier | Sharpless,Amas ouvert,coordinate_match,Distance: 0.0612°
M48,Sh2-205,Messier | Sharpless,Amas ouvert,coordinate_match,Distance: 0.0612°
M48,Sh2-234,Messier | Sharpless,Amas ouvert,coordinate_match,Distance: 0.0612°
M48,UGC 3500,Messier | UGC,Amas ouvert,coordinate_match,Distance: 0.0612°
Sh2-48,UGC 3500,Sharpless | UGC,NGC 2548,coordinate_match,Distance: 0.0000°
Sh2-205,UGC 3500,Sharpless | UGC,NGC 2548,coordinate_match,Distance: 0.0000°
Sh2-234,UGC 3500,Sharpless | UGC,NGC 2548,coordinate_match,Distance: 0.0000°
M50,Sh2-50,Messier | Sharpless,Amas ouvert,coordinate_match,Distance: 0.0000°
M50,Sh2-201,Messier | Sharpless,Amas ouvert,coordinate_match,Distance: 0.0000°
M50,Sh2-230,Messier | Sharpless,Amas ouvert,coordinate_match,Distance: 0.0000°
M50,Sh2-304,Messier | Sharpless,Amas ouvert,coordinate_match,Distance: 0.0000°
M50,UGC 3200,Messier | UGC,Amas ouvert,coordinate_match,Distance: 0.0000°
Sh2-50,UGC 3200,Sharpless | UGC,NGC 2323,coordinate_match,Distance: 0.0000°
Sh2-201,UGC 3200,Sharpless | UGC,NGC 2323,coordinate_match,Distance: 0.0000°
Sh2-230,UGC 3200,Sharpless | UGC,NGC 2323,coordinate_match,Distance: 0.0000°
Sh2-304,UGC 3200,Sharpless | UGC,NGC 2323,coordinate_match,Distance: 0.0000°
M51,Sh2-147,Messier | Sharpless,Galaxie du Tourbillon,coordinate_match,Distance: 0.0006°
M51,UGC 6400,Messier | UGC,Galaxie du Tourbillon,coordinate_match,Distance: 0.0006°
M51,PGC 5194,Messier | PGC,Galaxie du Tourbillon,coordinate_match,Distance: 0.0006°
M51,PGC 51522,Messier | PGC,Galaxie du Tourbillon,coordinate_match,Distance: 0.0006°
Sh2-147,UGC 6400,Sharpless | UGC,NGC 5194,coordinate_match,Distance: 0.0000°
Sh2-147,PGC 5194,Sharpless | PGC,NGC 5194,coordinate_match,Distance: 0.0000°
Sh2-147,PGC 51522,Sharpless | PGC,NGC 5194,coordinate_match,Distance: 0.0000°
UGC 6400,PGC 5194,UGC | PGC,NGC 5194,coordinate_match,Distance: 0.0000°
UGC 6400,PGC 51522,UGC | PGC,NGC 5194,coordinate_match,Distance: 0.0000°
M52,Sh2-43,Messier | Sharpless,Amas ouvert,coordinate_match,Distance: 0.0000°
M52,Sh2-192,Messier | Sharpless,Amas ouvert,coordinate_match,Distance: 0.0000°
M52,UGC 8300,Messier | UGC,Amas ouvert,coordinate_match,Distance: 0.0000°
Sh2-43,UGC 8300,Sharpless | UGC,NGC 7654,coordinate_match,Distance: 0.0000°
Sh2-192,UGC 8300,Sharpless | UGC,NGC 7654,coordinate_match,Distance: 0.0000°
M53,Sh2-145,Messier | Sharpless,Amas globulaire,coordinate_match,Distance: 0.0000°
M53,UGC 6200,Messier | UGC,Amas globulaire,coordinate_match,Distance: 0.0000°
Sh2-145,UGC 6200,Sharpless | UGC,NGC 5024,coordinate_match,Distance: 0.0000°
M70,Sh2-33,Messier | Sharpless,Amas globulaire,coordinate_match,Distance: 0.0526°
M70,Sh2-176,Messier | Sharpless,Amas globulaire,coordinate_match,Distance: 0.0526°
M55,Sh2-37,Messier | Sharpless,Amas globulaire,coordinate_match,Distance: 0.0084°
M55,Sh2-182,Messier | Sharpless,Amas globulaire,coordinate_match,Distance: 0.0084°
M57,Sh2-35,Messier | Sharpless,Nébuleuse de l'Anneau,coordinate_match,Distance: 0.0000°
M57,Sh2-180,Messier | Sharpless,Nébuleuse de l'Anneau,coordinate_match,Distance: 0.0000°
M57,UGC 7700,Messier | UGC,Nébuleuse de l'Anneau,coordinate_match,Distance: 0.0000°
Sh2-35,UGC 7700,Sharpless | UGC,NGC 6720,coordinate_match,Distance: 0.0000°
Sh2-180,UGC 7700,Sharpless | UGC,NGC 6720,coordinate_match,Distance: 0.0000°
M84,Sh2-130,Messier | Sharpless,Galaxie elliptique,coordinate_match,Distance: 0.0600°
M84,UGC 4800,Messier | UGC,Galaxie elliptique,coordinate_match,Distance: 0.0600°
M84,PGC 4374,Messier | PGC,Galaxie elliptique,coordinate_match,Distance: 0.0600°
M86,UGC 5000,Messier | UGC,Galaxie elliptique,coordinate_match,Distance: 0.0000°
M86,PGC 4406,Messier | PGC,Galaxie elliptique,coordinate_match,Distance: 0.0000°
M88,Sh2-135,Messier | Sharpless,Galaxie spirale,coordinate_match,Distance: 0.0000°
M88,UGC 5300,Messier | UGC,Galaxie spirale,coordinate_match,Distance: 0.0000°
M88,PGC 4501,Messier | PGC,Galaxie spirale,coordinate_match,Distance: 0.0000°
M90,Sh2-138,Messier | Sharpless,Galaxie spirale,coordinate_match,Distance: 0.0000°
M90,UGC 5500,Messier | UGC,Galaxie spirale,coordinate_match,Distance: 0.0000°
M90,PGC 4569,Messier | PGC,Galaxie spirale,coordinate_match,Distance: 0.0000°
Sh2-134,UGC 5200,Sharpless | UGC,NGC 4486,coordinate_match,Distance: 0.0000°
Sh2-134,PGC 4486,Sharpless | PGC,NGC 4486,coordinate_match,Distance: 0.0000°
Sh2-135,UGC 5300,Sharpless | UGC,NGC 4501,coordinate_match,Distance: 0.0000°
Sh2-135,PGC 4501,Sharpless | PGC,NGC 4501,coordinate_match,Distance: 0.0000°
Sh2-138,UGC 5500,Sharpless | UGC,NGC 4569,coordinate_match,Distance: 0.0000°
Sh2-138,PGC 4569,Sharpless | PGC,NGC 4569,coordinate_match,Distance: 0.0000°
Sh2-139,UGC 5600,Sharpless | UGC,NGC 4579,coordinate_match,Distance: 0.0000°
Sh2-139,PGC 4579,Sharpless | PGC,NGC 4579,coordinate_match,Distance: 0.0000°
M59,Sh2-141,Messier | Sharpless,Galaxie elliptique,coordinate_match,Distance: 0.0000°
M59,UGC 5800,Messier | UGC,Galaxie elliptique,coordinate_match,Distance: 0.0000°
M59,PGC 4621,Messier | PGC,Galaxie elliptique,coordinate_match,Distance: 0.0000°
M60,Sh2-142,Messier | Sharpless,Galaxie elliptique,coordinate_match,Distance: 0.0603°
M60,UGC 5900,Messier | UGC,Galaxie elliptique,coordinate_match,Distance: 0.0603°
M60,PGC 4649,Messier | PGC,Galaxie elliptique,coordinate_match,Distance: 0.0603°
Sh2-141,UGC 5800,Sharpless | UGC,NGC 4621,coordinate_match,Distance: 0.0000°
Sh2-141,PGC 4621,Sharpless | PGC,NGC 4621,coordinate_match,Distance: 0.0000°
Sh2-142,UGC 5900,Sharpless | UGC,NGC 4649,coordinate_match,Distance: 0.0000°
Sh2-142,PGC 4649,Sharpless | PGC,NGC 4649,coordinate_match,Distance: 0.0000°
M61,Sh2-128,Messier | Sharpless,Galaxie spirale,coordinate_match,Distance: 0.0000°
M62,Sh2-159,Messier | Sharpless,Amas globulaire,coordinate_match,Distance: 0.0534°
M63,Sh2-146,Messier | Sharpless,Galaxie du Tournesol,coordinate_match,Distance: 0.0470°
M63,UGC 6300,Messier | UGC,Galaxie du Tournesol,coordinate_match,Distance: 0.0470°
M63,PGC 5055,Messier | PGC,Galaxie du Tournesol,coordinate_match,Distance: 0.0470°
Sh2-146,UGC 6300,Sharpless | UGC,NGC 5055,coordinate_match,Distance: 0.0000°
Sh2-146,PGC 5055,Sharpless | PGC,NGC 5055,coordinate_match,Distance: 0.0000°
Sh2-144,UGC 6100,Sharpless | UGC,NGC 4826,coordinate_match,Distance: 0.0000°
Sh2-144,PGC 4826,Sharpless | PGC,NGC 4826,coordinate_match,Distance: 0.0000°
M66,Sh2-125,Messier | Sharpless,Galaxie spirale,coordinate_match,Distance: 0.0000°
M66,UGC 4500,Messier | UGC,Galaxie spirale,coordinate_match,Distance: 0.0000°
M66,PGC 3627,Messier | PGC,Galaxie spirale,coordinate_match,Distance: 0.0000°
Sh2-124,UGC 4400,Sharpless | UGC,NGC 3623,coordinate_match,Distance: 0.0000°
Sh2-124,PGC 3623,Sharpless | PGC,NGC 3623,coordinate_match,Distance: 0.0000°
Sh2-125,UGC 4500,Sharpless | UGC,NGC 3627,coordinate_match,Distance: 0.0000°
Sh2-125,PGC 3627,Sharpless | PGC,NGC 3627,coordinate_match,Distance: 0.0000°
M67,Sh2-57,Messier | Sharpless,Amas ouvert,coordinate_match,Distance: 0.0000°
M67,Sh2-207,Messier | Sharpless,Amas ouvert,coordinate_match,Distance: 0.0000°
M67,Sh2-236,Messier | Sharpless,Amas ouvert,coordinate_match,Distance: 0.0000°
M67,Sh2-310,Messier | Sharpless,Amas ouvert,coordinate_match,Distance: 0.0000°
M67,UGC 3600,Messier | UGC,Amas ouvert,coordinate_match,Distance: 0.0000°
Sh2-57,UGC 3600,Sharpless | UGC,NGC 2682,coordinate_match,Distance: 0.0000°
Sh2-207,UGC 3600,Sharpless | UGC,NGC 2682,coordinate_match,Distance: 0.0000°
Sh2-236,UGC 3600,Sharpless | UGC,NGC 2682,coordinate_match,Distance: 0.0000°
Sh2-310,UGC 3600,Sharpless | UGC,NGC 2682,coordinate_match,Distance: 0.0000°
M69,Sh2-32,Messier | Sharpless,Amas globulaire,coordinate_match,Distance: 0.0520°
M69,Sh2-174,Messier | Sharpless,Amas globulaire,coordinate_match,Distance: 0.0520°
M71,Sh2-38,Messier | Sharpless,Amas globulaire,coordinate_match,Distance: 0.0000°
M71,Sh2-183,Messier | Sharpless,Amas globulaire,coordinate_match,Distance: 0.0000°
M73,Sh2-41,Messier | Sharpless,Astérisme,coordinate_match,Distance: 0.0000°
M73,Sh2-187,Messier | Sharpless,Astérisme,coordinate_match,Distance: 0.0000°
M74,C62,Messier | Caldwell,Galaxie spirale,coordinate_match,Distance: 0.0000°
Sh2-82,UGC 400,Sharpless | UGC,NGC 628,coordinate_match,Distance: 0.0000°
Sh2-82,PGC 628,Sharpless | PGC,NGC 628,coordinate_match,Distance: 0.0000°
Sh2-261,UGC 400,Sharpless | UGC,NGC 628,coordinate_match,Distance: 0.0000°
Sh2-261,PGC 628,Sharpless | PGC,NGC 628,coordinate_match,Distance: 0.0000°
M76,Sh2-66,Messier | Sharpless,Petite Nébuleuse de l'Haltère,coordinate_match,Distance: 0.0774°
M76,Sh2-245,Messier | Sharpless,Petite Nébuleuse de l'Haltère,coordinate_match,Distance: 0.0774°
Sh2-116,UGC 800,Sharpless | UGC,NGC 1068,coordinate_match,Distance: 0.0000°
Sh2-116,PGC 1068,Sharpless | PGC,NGC 1068,coordinate_match,Distance: 0.0000°
Sh2-295,UGC 800,Sharpless | UGC,NGC 1068,coordinate_match,Distance: 0.0000°
Sh2-295,PGC 1068,Sharpless | PGC,NGC 1068,coordinate_match,Distance: 0.0000°
Sh2-53,UGC 2900,Sharpless | UGC,NGC 2068,coordinate_match,Distance: 0.0000°
Sh2-197,UGC 2900,Sharpless | UGC,NGC 2068,coordinate_match,Distance: 0.0000°
Sh2-226,UGC 2900,Sharpless | UGC,NGC 2068,coordinate_match,Distance: 0.0000°
Sh2-300,UGC 2900,Sharpless | UGC,NGC 2068,coordinate_match,Distance: 0.0000°
Sh2-70,UGC 2500,Sharpless | UGC,NGC 1904,coordinate_match,Distance: 0.0000°
Sh2-220,UGC 2500,Sharpless | UGC,NGC 1904,coordinate_match,Distance: 0.0000°
M80,Sh2-153,Messier | Sharpless,Amas globulaire,coordinate_match,Distance: 0.0580°
M81,Sh2-117,Messier | Sharpless,Galaxie de Bode,coordinate_match,Distance: 0.0445°
M81,UGC 3700,Messier | UGC,Galaxie de Bode,coordinate_match,Distance: 0.0445°
M81,PGC 3031,Messier | PGC,Galaxie de Bode,coordinate_match,Distance: 0.0445°
M82,Sh2-118,Messier | Sharpless,Galaxie du Cigare,coordinate_match,Distance: 0.0432°
M82,UGC 3800,Messier | UGC,Galaxie du Cigare,coordinate_match,Distance: 0.0432°
M82,PGC 3034,Messier | PGC,Galaxie du Cigare,coordinate_match,Distance: 0.0432°
Sh2-117,UGC 3700,Sharpless | UGC,NGC 3031,coordinate_match,Distance: 0.0000°
Sh2-117,PGC 3031,Sharpless | PGC,NGC 3031,coordinate_match,Distance: 0.0000°
Sh2-118,UGC 3800,Sharpless | UGC,NGC 3034,coordinate_match,Distance: 0.0000°
Sh2-118,PGC 3034,Sharpless | PGC,NGC 3034,coordinate_match,Distance: 0.0000°
Sh2-148,UGC 6500,Sharpless | UGC,NGC 5236,coordinate_match,Distance: 0.0000°
Sh2-148,PGC 5236,Sharpless | PGC,NGC 5236,coordinate_match,Distance: 0.0000°
Sh2-131,UGC 4900,Sharpless | UGC,NGC 4382,coordinate_match,Distance: 0.0000°
Sh2-131,PGC 4382,Sharpless | PGC,NGC 4382,coordinate_match,Distance: 0.0000°
M92,UGC 7000,Messier | UGC,Amas globulaire,coordinate_match,Distance: 0.0000°
Sh2-47,UGC 3400,Sharpless | UGC,NGC 2447,coordinate_match,Distance: 0.0000°
Sh2-204,UGC 3400,Sharpless | UGC,NGC 2447,coordinate_match,Distance: 0.0000°
Sh2-233,UGC 3400,Sharpless | UGC,NGC 2447,coordinate_match,Distance: 0.0000°
Sh2-307,UGC 3400,Sharpless | UGC,NGC 2447,coordinate_match,Distance: 0.0000°
Sh2-143,UGC 6000,Sharpless | UGC,NGC 4736,coordinate_match,Distance: 0.0000°
Sh2-143,PGC 4736,Sharpless | PGC,NGC 4736,coordinate_match,Distance: 0.0000°
M96,Sh2-120,Messier | Sharpless,Galaxie spirale,coordinate_match,Distance: 0.0000°
M96,UGC 4200,Messier | UGC,Galaxie spirale,coordinate_match,Distance: 0.0000°
M96,PGC 3368,Messier | PGC,Galaxie spirale,coordinate_match,Distance: 0.0000°
Sh2-120,UGC 4200,Sharpless | UGC,NGC 3368,coordinate_match,Distance: 0.0000°
Sh2-120,PGC 3368,Sharpless | PGC,NGC 3368,coordinate_match,Distance: 0.0000°
Sh2-121,UGC 4300,Sharpless | UGC,NGC 3379,coordinate_match,Distance: 0.0000°
Sh2-121,PGC 3379,Sharpless | PGC,NGC 3379,coordinate_match,Distance: 0.0000°
M97,Sh2-123,Messier | Sharpless,Nébuleuse du Hibou,coordinate_match,Distance: 0.0714°
M108,Sh2-122,Messier | Sharpless,Galaxie spirale,coordinate_match,Distance: 0.0711°
M101,Sh2-150,Messier | Sharpless,Galaxie du Moulinet,coordinate_match,Distance: 0.0367°
M101,UGC 6700,Messier | UGC,Galaxie du Moulinet,coordinate_match,Distance: 0.0367°
M101,PGC 5457,Messier | PGC,Galaxie du Moulinet,coordinate_match,Distance: 0.0367°
Sh2-150,UGC 6700,Sharpless | UGC,NGC 5457,coordinate_match,Distance: 0.0000°
Sh2-150,PGC 5457,Sharpless | PGC,NGC 5457,coordinate_match,Distance: 0.0000°
M102,Sh2-151,Messier | Sharpless,Galaxie du Fuseau,coordinate_match,Distance: 0.0720°
M102,UGC 6800,Messier | UGC,Galaxie du Fuseau,coordinate_match,Distance: 0.0720°
M102,PGC 5866,Messier | PGC,Galaxie du Fuseau,coordinate_match,Distance: 0.0720°
Sh2-151,UGC 6800,Sharpless | UGC,NGC 5866,coordinate_match,Distance: 0.0000°
Sh2-151,PGC 5866,Sharpless | PGC,NGC 5866,coordinate_match,Distance: 0.0000°
M104,Sh2-140,Messier | Sharpless,Galaxie du Sombrero,coordinate_match,Distance: 0.0000°
M104,UGC 5700,Messier | UGC,Galaxie du Sombrero,coordinate_match,Distance: 0.0000°
M104,PGC 4594,Messier | PGC,Galaxie du Sombrero,coordinate_match,Distance: 0.0000°
Sh2-140,UGC 5700,Sharpless | UGC,NGC 4594,coordinate_match,Distance: 0.0000°
Sh2-140,PGC 4594,Sharpless | PGC,NGC 4594,coordinate_match,Distance: 0.0000°
M106,Sh2-127,Messier | Sharpless,Galaxie spirale,coordinate_match,Distance: 0.0000°
M106,UGC 4700,Messier | UGC,Galaxie spirale,coordinate_match,Distance: 0.0000°
M106,PGC 4258,Messier | PGC,Galaxie spirale,coordinate_match,Distance: 0.0000°
Sh2-127,UGC 4700,Sharpless | UGC,NGC 4258,coordinate_match,Distance: 0.0000°
Sh2-127,PGC 4258,Sharpless | PGC,NGC 4258,coordinate_match,Distance: 0.0000°
M109,Sh2-126,Messier | Sharpless,Galaxie spirale barrée,coordinate_match,Distance: 0.0752°
M109,UGC 4600,Messier | UGC,Galaxie spirale barrée,coordinate_match,Distance: 0.0752°
M109,PGC 3992,Messier | PGC,Galaxie spirale barrée,coordinate_match,Distance: 0.0752°
Sh2-126,UGC 4600,Sharpless | UGC,NGC 3992,coordinate_match,Distance: 0.0000°
Sh2-126,PGC 3992,Sharpless | PGC,NGC 3992,coordinate_match,Distance: 0.0000°
C7,PGC 2403,Caldwell | PGC,Galaxie spirale,coordinate_match,Distance: 0.0167°
C17,Sh2-49,Caldwell | Sharpless,Nébuleuse de la Rosette,coordinate_match,Distance: 0.0000°
C17,Sh2-198,Caldwell | Sharpless,Nébuleuse de la Rosette,coordinate_match,Distance: 0.0000°
C17,Sh2-227,Caldwell | Sharpless,Nébuleuse de la Rosette,coordinate_match,Distance: 0.0000°
C17,Sh2-243,Caldwell | Sharpless,Nébuleuse de la Rosette,coordinate_match,Distance: 0.0000°
C17,Sh2-252,Caldwell | Sharpless,Nébuleuse de la Rosette,coordinate_match,Distance: 0.0000°
C17,Sh2-301,Caldwell | Sharpless,Nébuleuse de la Rosette,coordinate_match,Distance: 0.0000°
C49,Sh2-49,Caldwell | Sharpless,Nébuleuse de la Rosette,coordinate_match,Distance: 0.0000°
C49,Sh2-198,Caldwell | Sharpless,Nébuleuse de la Rosette,coordinate_match,Distance: 0.0000°
C49,Sh2-227,Caldwell | Sharpless,Nébuleuse de la Rosette,coordinate_match,Distance: 0.0000°
C49,Sh2-243,Caldwell | Sharpless,Nébuleuse de la Rosette,coordinate_match,Distance: 0.0000°
C49,Sh2-252,Caldwell | Sharpless,Nébuleuse de la Rosette,coordinate_match,Distance: 0.0000°
C49,Sh2-301,Caldwell | Sharpless,Nébuleuse de la Rosette,coordinate_match,Distance: 0.0000°
C21,PGC 4449,Caldwell | PGC,Galaxie irrégulière,coordinate_match,Distance: 0.0442°
C23,UGC 600,Caldwell | UGC,Galaxie du Couteau d'Argent,coordinate_match,Distance: 0.0920°
C23,PGC 891,Caldwell | PGC,Galaxie du Couteau d'Argent,coordinate_match,Distance: 0.0920°
Sh2-112,UGC 600,Sharpless | UGC,NGC 891,coordinate_match,Distance: 0.0920°
Sh2-112,PGC 891,Sharpless | PGC,NGC 891,coordinate_match,Distance: 0.0920°
Sh2-291,UGC 600,Sharpless | UGC,NGC 891,coordinate_match,Distance: 0.0920°
Sh2-291,PGC 891,Sharpless | PGC,NGC 891,coordinate_match,Distance: 0.0920°
Sh2-194,UGC 3300,Sharpless | UGC,NGC 2392,coordinate_match,Distance: 0.0000°
Sh2-297,UGC 3300,Sharpless | UGC,NGC 2392,coordinate_match,Distance: 0.0000°
C52,UGC 185,Caldwell | UGC,Galaxie spirale,coordinate_match,Distance: 0.0556°
C52,PGC 253,Caldwell | PGC,Galaxie spirale,coordinate_match,Distance: 0.0556°
C77,PGC 5128,Caldwell | PGC,Galaxie du Centaure A,coordinate_match,Distance: 0.0910°
C80,PGC 5128,Caldwell | PGC,Galaxie du Centaure A,coordinate_match,Distance: 0.0910°
C107,Sh2-73,Caldwell | Sharpless,Amas globulaire,coordinate_match,Distance: 0.0000°
C108,Sh2-72,Caldwell | Sharpless,Amas globulaire,coordinate_match,Distance: 0.0838°
C108,Sh2-251,Caldwell | Sharpless,Amas globulaire,coordinate_match,Distance: 0.0838°
Sh2-216,UGC 1500,Sharpless | UGC,Nébuleuse de Californie,coordinate_match,Distance: 0.0000°
Sh2-77,UGC 90,Sharpless | UGC,NGC 147,coordinate_match,Distance: 0.0000°
Sh2-77,PGC 147,Sharpless | PGC,NGC 147,coordinate_match,Distance: 0.0000°
Sh2-256,UGC 90,Sharpless | UGC,NGC 147,coordinate_match,Distance: 0.0000°
Sh2-256,PGC 147,Sharpless | PGC,NGC 147,coordinate_match,Distance: 0.0000°
Sh2-115,UGC 700,Sharpless | UGC,NGC 1023,coordinate_match,Distance: 0.0000°
Sh2-115,PGC 1023,Sharpless | PGC,NGC 1023,coordinate_match,Distance: 0.0000°
Sh2-294,UGC 700,Sharpless | UGC,NGC 1023,coordinate_match,Distance: 0.0000°
Sh2-294,PGC 1023,Sharpless | PGC,NGC 1023,coordinate_match,Distance: 0.0000°
UGC 15,PGC 23,UGC | PGC,NGC 23,coordinate_match,Distance: 0.0000°
UGC 35,PGC 55,UGC | PGC,NGC 55,coordinate_match,Distance: 0.0000°
PGC 2146,Abell 405,PGC | Abell,NGC 2146,coordinate_match,Distance: 0.0350°
M32,UGC 150,Messier | UGC,Galaxie elliptique,type_magnitude_match,"Type: Galaxy, Mag: 8.1, Dist: 0.942°"
M32,PGC 205,Messier | PGC,Galaxie elliptique,type_magnitude_match,"Type: Galaxy, Mag: 8.1, Dist: 0.942°"
M110,UGC 165,Messier | UGC,Galaxie elliptique naine,type_magnitude_match,"Type: Galaxy, Mag: 8.5, Dist: 0.968°"
M110,PGC 221,Messier | PGC,Galaxie elliptique naine,type_magnitude_match,"Type: Galaxy, Mag: 8.5, Dist: 0.968°"
UGC 150,PGC 221,UGC | PGC,NGC 205,type_magnitude_match,"Type: Galaxy, Mag: 8.5, Dist: 0.968°"
UGC 165,PGC 205,UGC | PGC,NGC 221,type_magnitude_match,"Type: Galaxy, Mag: 8.5, Dist: 0.968°"
M33,PGC 598,Messier | PGC,Galaxie du Triangle,type_magnitude_match,"Type: Galaxy, Mag: 5.7, Dist: 0.108°"
C33,PGC 598,Caldwell | PGC,Galaxie du Triangle,type_magnitude_match,"Type: Galaxy, Mag: 5.7, Dist: 0.108°"
M42,Sh2-224,Messier | Sharpless,Grande Nébuleuse d'Orion,type_magnitude_match,"Type: Emission Nebula, Mag: 4.0, Dist: 0.126°"
C42,Sh2-224,Caldwell | Sharpless,Nébuleuse d'Orion,type_magnitude_match,"Type: Emission Nebula, Mag: 4.0, Dist: 0.126°"
M87,UGC 5200,Messier | UGC,Galaxie elliptique géante,type_magnitude_match,"Type: Galaxy, Mag: 8.6, Dist: 0.123°"
M87,PGC 4486,Messier | PGC,Galaxie elliptique géante,type_magnitude_match,"Type: Galaxy, Mag: 8.6, Dist: 0.123°"
M94,UGC 6000,Messier | UGC,Galaxie spirale,type_magnitude_match,"Type: Galaxy, Mag: 8.2, Dist: 0.141°"
M94,PGC 4736,Messier | PGC,Galaxie spirale,type_magnitude_match,"Type: Galaxy, Mag: 8.2, Dist: 0.141°"
M58,UGC 5400,Messier | UGC,Galaxie spirale barrée,type_magnitude_match,"Type: Galaxy, Mag: 9.7, Dist: 0.995°"
M58,UGC 5600,Messier | UGC,Galaxie spirale barrée,type_magnitude_match,"Type: Galaxy, Mag: 9.7, Dist: 0.184°"
M58,PGC 4552,Messier | PGC,Galaxie spirale barrée,type_magnitude_match,"Type: Galaxy, Mag: 9.7, Dist: 0.995°"
M58,PGC 4579,Messier | PGC,Galaxie spirale barrée,type_magnitude_match,"Type: Galaxy, Mag: 9.7, Dist: 0.184°"
M89,UGC 5400,Messier | UGC,Galaxie elliptique,type_magnitude_match,"Type: Galaxy, Mag: 9.8, Dist: 0.123°"
M89,UGC 5500,Messier | UGC,Galaxie elliptique,type_magnitude_match,"Type: Galaxy, Mag: 9.8, Dist: 0.717°"
M89,UGC 5600,Messier | UGC,Galaxie elliptique,type_magnitude_match,"Type: Galaxy, Mag: 9.8, Dist: 0.820°"
M89,PGC 4552,Messier | PGC,Galaxie elliptique,type_magnitude_match,"Type: Galaxy, Mag: 9.8, Dist: 0.123°"
M89,PGC 4569,Messier | PGC,Galaxie elliptique,type_magnitude_match,"Type: Galaxy, Mag: 9.8, Dist: 0.717°"
M89,PGC 4579,Messier | PGC,Galaxie elliptique,type_magnitude_match,"Type: Galaxy, Mag: 9.8, Dist: 0.820°"
M90,UGC 5400,Messier | UGC,Galaxie spirale,type_magnitude_match,"Type: Galaxy, Mag: 9.5, Dist: 0.787°"
M90,PGC 4552,Messier | PGC,Galaxie spirale,type_magnitude_match,"Type: Galaxy, Mag: 9.5, Dist: 0.787°"
UGC 5400,PGC 4569,UGC | PGC,NGC 4552,type_magnitude_match,"Type: Galaxy, Mag: 9.8, Dist: 0.787°"
UGC 5400,PGC 4579,UGC | PGC,NGC 4552,type_magnitude_match,"Type: Galaxy, Mag: 9.8, Dist: 0.882°"
UGC 5500,PGC 4552,UGC | PGC,NGC 4569,type_magnitude_match,"Type: Galaxy, Mag: 9.5, Dist: 0.787°"
UGC 5600,PGC 4552,UGC | PGC,NGC 4579,type_magnitude_match,"Type: Galaxy, Mag: 9.7, Dist: 0.882°"
M64,UGC 6100,Messier | UGC,Galaxie de l'Œil Noir,type_magnitude_match,"Type: Galaxy, Mag: 8.5, Dist: 0.697°"
M64,PGC 4826,Messier | PGC,Galaxie de l'Œil Noir,type_magnitude_match,"Type: Galaxy, Mag: 8.5, Dist: 0.697°"
M65,UGC 4400,Messier | UGC,Galaxie spirale,type_magnitude_match,"Type: Galaxy, Mag: 9.3, Dist: 0.123°"
M65,PGC 3623,Messier | PGC,Galaxie spirale,type_magnitude_match,"Type: Galaxy, Mag: 9.3, Dist: 0.123°"
M65,PGC 3628,Messier | PGC,Galaxie spirale,type_magnitude_match,"Type: Galaxy, Mag: 9.3, Dist: 0.619°"
M95,UGC 4100,Messier | UGC,Galaxie spirale barrée,type_magnitude_match,"Type: Galaxy, Mag: 9.7, Dist: 0.245°"
M95,UGC 4200,Messier | UGC,Galaxie spirale barrée,type_magnitude_match,"Type: Galaxy, Mag: 9.7, Dist: 0.503°"
M95,PGC 3351,Messier | PGC,Galaxie spirale barrée,type_magnitude_match,"Type: Galaxy, Mag: 9.7, Dist: 0.245°"
M95,PGC 3368,Messier | PGC,Galaxie spirale barrée,type_magnitude_match,"Type: Galaxy, Mag: 9.7, Dist: 0.503°"
M96,UGC 4100,Messier | UGC,Galaxie spirale,type_magnitude_match,"Type: Galaxy, Mag: 9.2, Dist: 0.743°"
M96,UGC 4300,Messier | UGC,Galaxie spirale,type_magnitude_match,"Type: Galaxy, Mag: 9.2, Dist: 0.767°"
M96,PGC 3351,Messier | PGC,Galaxie spirale,type_magnitude_match,"Type: Galaxy, Mag: 9.2, Dist: 0.743°"
M96,PGC 3379,Messier | PGC,Galaxie spirale,type_magnitude_match,"Type: Galaxy, Mag: 9.2, Dist: 0.767°"
M105,UGC 4200,Messier | UGC,Galaxie elliptique,type_magnitude_match,"Type: Galaxy, Mag: 9.3, Dist: 0.788°"
M105,UGC 4300,Messier | UGC,Galaxie elliptique,type_magnitude_match,"Type: Galaxy, Mag: 9.3, Dist: 0.183°"
M105,PGC 3368,Messier | PGC,Galaxie elliptique,type_magnitude_match,"Type: Galaxy, Mag: 9.3, Dist: 0.788°"
M105,PGC 3379,Messier | PGC,Galaxie elliptique,type_magnitude_match,"Type: Galaxy, Mag: 9.3, Dist: 0.183°"
UGC 4100,PGC 3368,UGC | PGC,NGC 3351,type_magnitude_match,"Type: Galaxy, Mag: 9.7, Dist: 0.743°"
UGC 4200,PGC 3351,UGC | PGC,NGC 3368,type_magnitude_match,"Type: Galaxy, Mag: 9.2, Dist: 0.743°"
UGC 4200,PGC 3379,UGC | PGC,NGC 3368,type_magnitude_match,"Type: Galaxy, Mag: 9.2, Dist: 0.767°"
UGC 4300,PGC 3368,UGC | PGC,NGC 3379,type_magnitude_match,"Type: Galaxy, Mag: 9.3, Dist: 0.767°"
UGC 4400,PGC 3628,UGC | PGC,NGC 3623,type_magnitude_match,"Type: Galaxy, Mag: 9.3, Dist: 0.556°"
M74,UGC 400,Messier | UGC,Galaxie spirale,type_magnitude_match,"Type: Galaxy, Mag: 9.4, Dist: 0.121°"
M74,PGC 628,Messier | PGC,Galaxie spirale,type_magnitude_match,"Type: Galaxy, Mag: 9.4, Dist: 0.121°"
M77,UGC 800,Messier | UGC,Galaxie spirale,type_magnitude_match,"Type: Galaxy, Mag: 8.9, Dist: 0.126°"
M77,PGC 1068,Messier | PGC,Galaxie spirale,type_magnitude_match,"Type: Galaxy, Mag: 8.9, Dist: 0.126°"
M83,UGC 6500,Messier | UGC,Galaxie du Moulinet austral,type_magnitude_match,"Type: Galaxy, Mag: 7.6, Dist: 0.163°"
M83,PGC 5236,Messier | PGC,Galaxie du Moulinet austral,type_magnitude_match,"Type: Galaxy, Mag: 7.6, Dist: 0.163°"
M22,UGC 7600,Messier | UGC,Région de Sagittarius,constellation_proximity,"Constellation: Sagittarius, Distance: 0.115°"
M31,UGC 165,Messier | UGC,Région de Andromeda,constellation_proximity,"Constellation: Andromeda, Distance: 0.404°"
M31,PGC 221,Messier | PGC,Région de Andromeda,constellation_proximity,"Constellation: Andromeda, Distance: 0.404°"
M32,C31,Messier | Caldwell,Région de Andromeda,constellation_proximity,"Constellation: Andromeda, Distance: 0.405°"
M32,UGC 170,Messier | UGC,Région de Andromeda,constellation_proximity,"Constellation: Andromeda, Distance: 0.404°"
M32,PGC 224,Messier | PGC,Région de Andromeda,constellation_proximity,"Constellation: Andromeda, Distance: 0.404°"
C31,UGC 165,Caldwell | UGC,Région de Andromeda,constellation_proximity,"Constellation: Andromeda, Distance: 0.404°"
C31,PGC 221,Caldwell | PGC,Région de Andromeda,constellation_proximity,"Constellation: Andromeda, Distance: 0.404°"
UGC 165,PGC 224,UGC | PGC,Région de Andromeda,constellation_proximity,"Constellation: Andromeda, Distance: 0.403°"
UGC 170,PGC 221,UGC | PGC,Région de Andromeda,constellation_proximity,"Constellation: Andromeda, Distance: 0.403°"
M42,UGC 2700,Messier | UGC,Région de Orion,constellation_proximity,"Constellation: Orion, Distance: 0.126°"
M43,C42,Messier | Caldwell,Région de Orion,constellation_proximity,"Constellation: Orion, Distance: 0.122°"
M43,Sh2-51,Messier | Sharpless,Région de Orion,constellation_proximity,"Constellation: Orion, Distance: 0.117°"
M43,Sh2-224,Messier | Sharpless,Région de Orion,constellation_proximity,"Constellation: Orion, Distance: 0.212°"
M43,UGC 2700,Messier | UGC,Région de Orion,constellation_proximity,"Constellation: Orion, Distance: 0.212°"
C42,UGC 2700,Caldwell | UGC,Région de Orion,constellation_proximity,"Constellation: Orion, Distance: 0.126°"
Sh2-51,UGC 2700,Sharpless | UGC,Région de Orion,constellation_proximity,"Constellation: Orion, Distance: 0.125°"
M59,UGC 5900,Messier | UGC,Région de Virgo,constellation_proximity,"Constellation: Virgo, Distance: 0.499°"
M59,PGC 4649,Messier | PGC,Région de Virgo,constellation_proximity,"Constellation: Virgo, Distance: 0.499°"
M60,UGC 5800,Messier | UGC,Région de Virgo,constellation_proximity,"Constellation: Virgo, Distance: 0.441°"
M60,PGC 4621,Messier | PGC,Région de Virgo,constellation_proximity,"Constellation: Virgo, Distance: 0.441°"
M84,UGC 5000,Messier | UGC,Région de Virgo,constellation_proximity,"Constellation: Virgo, Distance: 0.195°"
M84,PGC 4406,Messier | PGC,Région de Virgo,constellation_proximity,"Constellation: Virgo, Distance: 0.195°"
M86,UGC 4800,Messier | UGC,Région de Virgo,constellation_proximity,"Constellation: Virgo, Distance: 0.252°"
M86,PGC 4374,Messier | PGC,Région de Virgo,constellation_proximity,"Constellation: Virgo, Distance: 0.252°"
UGC 4800,PGC 4406,UGC | PGC,Région de Virgo,constellation_proximity,"Constellation: Virgo, Distance: 0.252°"
UGC 5000,PGC 4374,UGC | PGC,Région de Virgo,constellation_proximity,"Constellation: Virgo, Distance: 0.252°"
UGC 5800,PGC 4649,UGC | PGC,Région de Virgo,constellation_proximity,"Constellation: Virgo, Distance: 0.499°"
UGC 5900,PGC 4621,UGC | PGC,Région de Virgo,constellation_proximity,"Constellation: Virgo, Distance: 0.499°"
M65,UGC 4500,Messier | UGC,Région de Leo,constellation_proximity,"Constellation: Leo, Distance: 0.379°"
M65,PGC 3627,Messier | PGC,Région de Leo,constellation_proximity,"Constellation: Leo, Distance: 0.379°"
M66,UGC 4400,Messier | UGC,Région de Leo,constellation_proximity,"Constellation: Leo, Distance: 0.262°"
M66,PGC 3623,Messier | PGC,Région de Leo,constellation_proximity,"Constellation: Leo, Distance: 0.262°"
UGC 4400,PGC 3627,UGC | PGC,Région de Leo,constellation_proximity,"Constellation: Leo, Distance: 0.262°"
UGC 4500,PGC 3623,UGC | PGC,Région de Leo,constellation_proximity,"Constellation: Leo, Distance: 0.262°"
M79,UGC 2500,Messier | UGC,Région de Lepus,constellation_proximity,"Constellation: Lepus, Distance: 0.116°"
