primary,alternates,catalogs,common_name,match_type,notes
M2,M3 | M4 | M5 | M9 | M10 | M12 | M14 | M15 | M19 | M22 | M28 | M30 | M53 | M54 | M55 | M56 | M62 | M68 | M69 | M70 | M71 | M72 | M75 | M79 | M80 | M92 | M107 | C107 | C108,Caldwell | Messier,Amas globulaire,common_name_match,Correspondance par nom commun: amasglobulaire
M8,C8 | C58 | Sh2-8,Caldwell | Messier | Sharpless,Nébuleuse de la Lagune,common_name_match,Correspondance par nom commun: nbuleusedelalagune
M16,C50 | C60 | Sh2-254,Caldwell | Messier | Sharpless,Nébuleuse de l'Aigle,common_name_match,Correspondance par nom commun: nbuleusedelaigle
M17,C61,Caldwell | Messier,Nébuleuse Omega,common_name_match,Correspondance par nom commun: nbuleuseomega
M18,M21 | M23 | M25 | M26 | M29 | M34 | M35 | M36 | M37 | M38 | M39 | M41 | M46 | M47 | M48 | M50 | M52 | M67 | M93 | M103 | C28 | C37,Caldwell | Messier,Amas ouvert,common_name_match,Correspondance par nom commun: amasouvert
M20,C59 | Sh2-20,Caldwell | Messier | Sharpless,Nébuleuse Trifide,common_name_match,Correspondance par nom commun: nbuleusetrifide
M27,Sh2-27,Messier | Sharpless,Nébuleuse de l'Haltère,common_name_match,Correspondance par nom commun: nbuleusedelhaltre
M31,C31 | Sh2-80,Caldwell | Messier | Sharpless,Galaxie d'Andromède,common_name_match,Correspondance par nom commun: galaxiedandromde
M33,C33,Caldwell | Messier,Galaxie du Triangle,common_name_match,Correspondance par nom commun: galaxiedutriangle
M42,Sh2-51 | Sh2-224,Messier | Sharpless,Grande Nébuleuse d'Orion,common_name_match,Correspondance par nom commun: grandenbuleusedorion
M45,C45,Caldwell | Messier,Pléiades,common_name_match,Correspondance par nom commun: pliades
M61,M65 | M66 | M74 | M77 | M88 | M90 | M94 | M96 | M98 | M99 | M100 | M106 | M108 | C7 | C52 | C53 | C62 | C78 | C84 | C86 | C106,Caldwell | Messier,Galaxie spirale,common_name_match,Correspondance par nom commun: galaxiespirale
C17,C49 | Sh2-49 | Sh2-243 | Sh2-252,Caldwell | Sharpless,Nébuleuse de la Rosette,common_name_match,Correspondance par nom commun: nbuleusedelarosette
C38,Sh2-296,Caldwell | Sharpless,Nébuleuse de la Mouette,common_name_match,Correspondance par nom commun: nbuleusedelamouette
C46,C103 | Sh2-54 | Sh2-249,Caldwell | Sharpless,Nébuleuse du Cône,common_name_match,Correspondance par nom commun: nbuleuseducne
UGC 80,PGC 134,UGC | PGC,NGC 134,common_name_match,Correspondance par nom commun: ngc134
UGC 90,PGC 147,UGC | PGC,NGC 147,common_name_match,Correspondance par nom commun: ngc147
UGC 130,PGC 185,UGC | PGC,NGC 185,common_name_match,Correspondance par nom commun: ngc185
UGC 150,PGC 205,UGC | PGC,NGC 205,common_name_match,Correspondance par nom commun: ngc205
UGC 165,PGC 221,UGC | PGC,NGC 221,common_name_match,Correspondance par nom commun: ngc221
UGC 170,PGC 224,UGC | PGC,NGC 224,common_name_match,Correspondance par nom commun: ngc224
UGC 180,PGC 247,UGC | PGC,NGC 247,common_name_match,Correspondance par nom commun: ngc247
UGC 185,PGC 253,UGC | PGC,NGC 253,common_name_match,Correspondance par nom commun: ngc253
UGC 300,PGC 488,UGC | PGC,NGC 488,common_name_match,Correspondance par nom commun: ngc488
UGC 400,PGC 628,UGC | PGC,NGC 628,common_name_match,Correspondance par nom commun: ngc628
UGC 500,PGC 772,UGC | PGC,NGC 772,common_name_match,Correspondance par nom commun: ngc772
UGC 600,PGC 891,UGC | PGC,NGC 891,common_name_match,Correspondance par nom commun: ngc891
UGC 700,PGC 1023,UGC | PGC,NGC 1023,common_name_match,Correspondance par nom commun: ngc1023
UGC 800,PGC 1068,UGC | PGC,NGC 1068,common_name_match,Correspondance par nom commun: ngc1068
UGC 900,PGC 1300,UGC | PGC,NGC 1300,common_name_match,Correspondance par nom commun: ngc1300
UGC 1000,PGC 1316,UGC | PGC,NGC 1316,common_name_match,Correspondance par nom commun: ngc1316
UGC 1100,PGC 1365,UGC | PGC,NGC 1365,common_name_match,Correspondance par nom commun: ngc1365
UGC 1200,PGC 1399,UGC | PGC,NGC 1399,common_name_match,Correspondance par nom commun: ngc1399
UGC 1300,PGC 1404,UGC | PGC,NGC 1404,common_name_match,Correspondance par nom commun: ngc1404
UGC 1400,PGC 1433,UGC | PGC,NGC 1433,common_name_match,Correspondance par nom commun: ngc1433
UGC 1600,PGC 1532,UGC | PGC,NGC 1532,common_name_match,Correspondance par nom commun: ngc1532
UGC 1700,PGC 1566,UGC | PGC,NGC 1566,common_name_match,Correspondance par nom commun: ngc1566
UGC 1800,PGC 1637,UGC | PGC,NGC 1637,common_name_match,Correspondance par nom commun: ngc1637
UGC 1900,PGC 1672,UGC | PGC,NGC 1672,common_name_match,Correspondance par nom commun: ngc1672
UGC 2100,PGC 1700,UGC | PGC,NGC 1700,common_name_match,Correspondance par nom commun: ngc1700
UGC 2200,PGC 1808,UGC | PGC,NGC 1808,common_name_match,Correspondance par nom commun: ngc1808
UGC 3700,PGC 3031,UGC | PGC,NGC 3031,common_name_match,Correspondance par nom commun: ngc3031
UGC 3800,PGC 3034,UGC | PGC,NGC 3034,common_name_match,Correspondance par nom commun: ngc3034
UGC 3900,PGC 3115,UGC | PGC,NGC 3115,common_name_match,Correspondance par nom commun: ngc3115
UGC 4000,PGC 3198,UGC | PGC,NGC 3198,common_name_match,Correspondance par nom commun: ngc3198
UGC 4100,PGC 3351,UGC | PGC,NGC 3351,common_name_match,Correspondance par nom commun: ngc3351
UGC 4200,PGC 3368,UGC | PGC,NGC 3368,common_name_match,Correspondance par nom commun: ngc3368
UGC 4300,PGC 3379,UGC | PGC,NGC 3379,common_name_match,Correspondance par nom commun: ngc3379
UGC 4400,PGC 3623,UGC | PGC,NGC 3623,common_name_match,Correspondance par nom commun: ngc3623
UGC 4500,PGC 3627,UGC | PGC,NGC 3627,common_name_match,Correspondance par nom commun: ngc3627
UGC 4600,PGC 3992,UGC | PGC,NGC 3992,common_name_match,Correspondance par nom commun: ngc3992
UGC 4700,PGC 4258,UGC | PGC,NGC 4258,common_name_match,Correspondance par nom commun: ngc4258
UGC 4800,PGC 4374,UGC | PGC,NGC 4374,common_name_match,Correspondance par nom commun: ngc4374
UGC 4900,PGC 4382,UGC | PGC,NGC 4382,common_name_match,Correspondance par nom commun: ngc4382
UGC 5000,PGC 4406,UGC | PGC,NGC 4406,common_name_match,Correspondance par nom commun: ngc4406
UGC 5100,PGC 4472,UGC | PGC,NGC 4472,common_name_match,Correspondance par nom commun: ngc4472
UGC 5200,PGC 4486,UGC | PGC,NGC 4486,common_name_match,Correspondance par nom commun: ngc4486
UGC 5300,PGC 4501,UGC | PGC,NGC 4501,common_name_match,Correspondance par nom commun: ngc4501
UGC 5400,PGC 4552,UGC | PGC,NGC 4552,common_name_match,Correspondance par nom commun: ngc4552
UGC 5500,PGC 4569,UGC | PGC,NGC 4569,common_name_match,Correspondance par nom commun: ngc4569
UGC 5600,PGC 4579,UGC | PGC,NGC 4579,common_name_match,Correspondance par nom commun: ngc4579
UGC 5700,PGC 4594,UGC | PGC,NGC 4594,common_name_match,Correspondance par nom commun: ngc4594
UGC 5800,PGC 4621,UGC | PGC,NGC 4621,common_name_match,Correspondance par nom commun: ngc4621
UGC 5900,PGC 4649,UGC | PGC,NGC 4649,common_name_match,Correspondance par nom commun: ngc4649
UGC 6000,PGC 4736,UGC | PGC,NGC 4736,common_name_match,Correspondance par nom commun: ngc4736
UGC 6100,PGC 4826,UGC | PGC,NGC 4826,common_name_match,Correspondance par nom commun: ngc4826
UGC 6300,PGC 5055,UGC | PGC,NGC 5055,common_name_match,Correspondance par nom commun: ngc5055
UGC 6400,PGC 5194 | PGC 51522,UGC | PGC,NGC 5194,common_name_match,Correspondance par nom commun: ngc5194
UGC 6500,PGC 5236,UGC | PGC,NGC 5236,common_name_match,Correspondance par nom commun: ngc5236
UGC 6700,PGC 5457,UGC | PGC,NGC 5457,common_name_match,Correspondance par nom commun: ngc5457
UGC 6800,PGC 5866,UGC | PGC,NGC 5866,common_name_match,Correspondance par nom commun: ngc5866
M1,UGC 2600,Messier | UGC,Nébuleuse du Crabe,coordinate_match,Distance: 0.0000°
M2,Sh2-44,Messier | Sharpless,Amas globulaire,coordinate_match,Distance: 0.0375°
M2,Sh2-193,Messier | Sharpless,Amas globulaire,coordinate_match,Distance: 0.0375°
M2,UGC 8400,Messier | UGC,Amas globulaire,coordinate_match,Distance: 0.0375°
Sh2-44,UGC 8400,Sharpless | UGC,NGC 7089,coordinate_match,Distance: 0.0000°
Sh2-193,UGC 8400,Sharpless | UGC,NGC 7089,coordinate_match,Distance: 0.0000°
M3,Sh2-149,Messier | Sharpless,Amas globulaire,coordinate_match,Distance: 0.0134°
M3,UGC 6600,Messier | UGC,Amas globulaire,coordinate_match,Distance: 0.0134°
Sh2-149,UGC 6600,Sharpless | UGC,NGC 5272,coordinate_match,Distance: 0.0000°
M4,Sh2-154,Messier | Sharpless,Amas globulaire,coordinate_match,Distance: 0.0014°
M5,Sh2-152,Messier | Sharpless,Amas globulaire,coordinate_match,Distance: 0.0051°
M6,Sh2-164,Messier | Sharpless,Amas du Papillon,coordinate_match,Distance: 0.0000°
M7,Sh2-165,Messier | Sharpless,Amas de Ptolémée,coordinate_match,Distance: 0.0514°
M8,C8,Messier | Caldwell,Nébuleuse de la Lagune,coordinate_match,Distance: 0.0000°
M8,C58,Messier | Caldwell,Nébuleuse de la Lagune,coordinate_match,Distance: 0.0000°
M8,Sh2-8,Messier | Sharpless,Nébuleuse de la Lagune,coordinate_match,Distance: 0.0683°
M8,Sh2-168,Messier | Sharpless,Nébuleuse de la Lagune,coordinate_match,Distance: 0.0683°
M8,UGC 7300,Messier | UGC,Nébuleuse de la Lagune,coordinate_match,Distance: 0.0683°
C8,Sh2-8,Caldwell | Sharpless,Nébuleuse de la Lagune,coordinate_match,Distance: 0.0683°
C8,Sh2-168,Caldwell | Sharpless,Nébuleuse de la Lagune,coordinate_match,Distance: 0.0683°
C8,UGC 7300,Caldwell | UGC,Nébuleuse de la Lagune,coordinate_match,Distance: 0.0683°
C58,Sh2-8,Caldwell | Sharpless,Nébuleuse de la Lagune,coordinate_match,Distance: 0.0683°
C58,Sh2-168,Caldwell | Sharpless,Nébuleuse de la Lagune,coordinate_match,Distance: 0.0683°
C58,UGC 7300,Caldwell | UGC,Nébuleuse de la Lagune,coordinate_match,Distance: 0.0683°
Sh2-8,UGC 7300,Sharpless | UGC,Nébuleuse de la Lagune,coordinate_match,Distance: 0.0000°
Sh2-168,UGC 7300,Sharpless | UGC,NGC 6523,coordinate_match,Distance: 0.0000°
M9,Sh2-161,Messier | Sharpless,Amas globulaire,coordinate_match,Distance: 0.0000°
M11,Sh2-178,Messier | Sharpless,Amas du Canard Sauvage,coordinate_match,Distance: 0.0000°
M13,Sh2-156,Messier | Sharpless,Grand Amas d'Hercule,coordinate_match,Distance: 0.0097°
M13,UGC 6900,Messier | UGC,Grand Amas d'Hercule,coordinate_match,Distance: 0.0097°
Sh2-156,UGC 6900,Sharpless | UGC,NGC 6205,coordinate_match,Distance: 0.0000°
M14,Sh2-163,Messier | Sharpless,Amas globulaire,coordinate_match,Distance: 0.0135°
M14,UGC 7100,Messier | UGC,Amas globulaire,coordinate_match,Distance: 0.0135°
Sh2-163,UGC 7100,Sharpless | UGC,NGC 6402,coordinate_match,Distance: 0.0000°
M15,Sh2-42,Messier | Sharpless,Amas globulaire,coordinate_match,Distance: 0.0000°
M15,Sh2-189,Messier | Sharpless,Amas globulaire,coordinate_match,Distance: 0.0000°
M15,UGC 8000,Messier | UGC,Amas globulaire,coordinate_match,Distance: 0.0000°
Sh2-42,UGC 8000,Sharpless | UGC,NGC 7078,coordinate_match,Distance: 0.0000°
Sh2-189,UGC 8000,Sharpless | UGC,NGC 7078,coordinate_match,Distance: 0.0000°
M16,C50,Messier | Caldwell,Nébuleuse de l'Aigle,coordinate_match,Distance: 0.0000°
M16,C60,Messier | Caldwell,Nébuleuse de l'Aigle,coordinate_match,Distance: 0.0000°
M16,Sh2-170,Messier | Sharpless,Nébuleuse de l'Aigle,coordinate_match,Distance: 0.0000°
M16,Sh2-254,Messier | Sharpless,Nébuleuse de l'Aigle,coordinate_match,Distance: 0.0000°
M16,UGC 7400,Messier | UGC,Nébuleuse de l'Aigle,coordinate_match,Distance: 0.0000°
C50,Sh2-170,Caldwell | Sharpless,Nébuleuse de l'Aigle,coordinate_match,Distance: 0.0000°
C50,Sh2-254,Caldwell | Sharpless,Nébuleuse de l'Aigle,coordinate_match,Distance: 0.0000°
C50,UGC 7400,Caldwell | UGC,Nébuleuse de l'Aigle,coordinate_match,Distance: 0.0000°
C60,Sh2-170,Caldwell | Sharpless,Nébuleuse de l'Aigle,coordinate_match,Distance: 0.0000°
C60,Sh2-254,Caldwell | Sharpless,Nébuleuse de l'Aigle,coordinate_match,Distance: 0.0000°
C60,UGC 7400,Caldwell | UGC,Nébuleuse de l'Aigle,coordinate_match,Distance: 0.0000°
Sh2-170,UGC 7400,Sharpless | UGC,NGC 6611,coordinate_match,Distance: 0.0000°
Sh2-254,UGC 7400,Sharpless | UGC,Nébuleuse de l'Aigle,coordinate_match,Distance: 0.0000°
M17,C61,Messier | Caldwell,Nébuleuse Omega,coordinate_match,Distance: 0.0000°
M17,Sh2-17,Messier | Sharpless,Nébuleuse Omega,coordinate_match,Distance: 0.0591°
M17,Sh2-172,Messier | Sharpless,Nébuleuse Omega,coordinate_match,Distance: 0.0591°
M17,UGC 7500,Messier | UGC,Nébuleuse Omega,coordinate_match,Distance: 0.0591°
C61,Sh2-17,Caldwell | Sharpless,Nébuleuse Omega,coordinate_match,Distance: 0.0591°
C61,Sh2-172,Caldwell | Sharpless,Nébuleuse Omega,coordinate_match,Distance: 0.0591°
C61,UGC 7500,Caldwell | UGC,Nébuleuse Omega,coordinate_match,Distance: 0.0591°
Sh2-17,UGC 7500,Sharpless | UGC,Nébuleuse Oméga,coordinate_match,Distance: 0.0000°
Sh2-172,UGC 7500,Sharpless | UGC,NGC 6618,coordinate_match,Distance: 0.0000°
M19,Sh2-160,Messier | Sharpless,Amas globulaire,coordinate_match,Distance: 0.0337°
Sh2-31,UGC 7600,Sharpless | UGC,NGC 6656,coordinate_match,Distance: 0.0000°
Sh2-175,UGC 7600,Sharpless | UGC,NGC 6656,coordinate_match,Distance: 0.0000°
M23,Sh2-23,Messier | Sharpless,Amas ouvert,coordinate_match,Distance: 0.0000°
M23,Sh2-166,Messier | Sharpless,Amas ouvert,coordinate_match,Distance: 0.0000°
M27,Sh2-27,Messier | Sharpless,Nébuleuse de l'Haltère,coordinate_match,Distance: 0.0050°
M27,Sh2-184,Messier | Sharpless,Nébuleuse de l'Haltère,coordinate_match,Distance: 0.0050°
M27,UGC 7800,Messier | UGC,Nébuleuse de l'Haltère,coordinate_match,Distance: 0.0050°
Sh2-27,UGC 7800,Sharpless | UGC,Nébuleuse de l'Haltère,coordinate_match,Distance: 0.0000°
Sh2-184,UGC 7800,Sharpless | UGC,NGC 6853,coordinate_match,Distance: 0.0000°
M29,Sh2-29,Messier | Sharpless,Amas ouvert,coordinate_match,Distance: 0.0481°
M29,UGC 7900,Messier | UGC,Amas ouvert,coordinate_match,Distance: 0.0481°
Sh2-29,UGC 7900,Sharpless | UGC,NGC 6913,coordinate_match,Distance: 0.0000°
M30,Sh2-30,Messier | Sharpless,Amas globulaire,coordinate_match,Distance: 0.0566°
M30,Sh2-191,Messier | Sharpless,Amas globulaire,coordinate_match,Distance: 0.0566°
M30,UGC 8200,Messier | UGC,Amas globulaire,coordinate_match,Distance: 0.0566°
M31,C31,Messier | Caldwell,Galaxie d'Andromède,coordinate_match,Distance: 0.0000°
M31,Sh2-80,Messier | Sharpless,Galaxie d'Andromède,coordinate_match,Distance: 0.0006°
M31,Sh2-259,Messier | Sharpless,Galaxie d'Andromède,coordinate_match,Distance: 0.0006°
M31,UGC 170,Messier | UGC,Galaxie d'Andromède,coordinate_match,Distance: 0.0006°
M31,PGC 224,Messier | PGC,Galaxie d'Andromède,coordinate_match,Distance: 0.0006°
M32,Sh2-79,Messier | Sharpless,Galaxie elliptique,coordinate_match,Distance: 0.0477°
M32,Sh2-258,Messier | Sharpless,Galaxie elliptique,coordinate_match,Distance: 0.0477°
M32,UGC 165,Messier | UGC,Galaxie elliptique,coordinate_match,Distance: 0.0477°
M32,PGC 221,Messier | PGC,Galaxie elliptique,coordinate_match,Distance: 0.0477°
M110,Sh2-78,Messier | Sharpless,Galaxie elliptique naine,coordinate_match,Distance: 0.0000°
M110,Sh2-257,Messier | Sharpless,Galaxie elliptique naine,coordinate_match,Distance: 0.0000°
M110,UGC 150,Messier | UGC,Galaxie elliptique naine,coordinate_match,Distance: 0.0000°
M110,PGC 205,Messier | PGC,Galaxie elliptique naine,coordinate_match,Distance: 0.0000°
C31,Sh2-80,Caldwell | Sharpless,Galaxie d'Andromède,coordinate_match,Distance: 0.0006°
C31,Sh2-259,Caldwell | Sharpless,Galaxie d'Andromède,coordinate_match,Distance: 0.0006°
C31,UGC 170,Caldwell | UGC,Galaxie d'Andromède,coordinate_match,Distance: 0.0006°
C31,PGC 224,Caldwell | PGC,Galaxie d'Andromède,coordinate_match,Distance: 0.0006°
Sh2-78,UGC 150,Sharpless | UGC,NGC 205,coordinate_match,Distance: 0.0000°
Sh2-78,PGC 205,Sharpless | PGC,NGC 205,coordinate_match,Distance: 0.0000°
Sh2-79,UGC 165,Sharpless | UGC,NGC 221,coordinate_match,Distance: 0.0000°
Sh2-79,PGC 221,Sharpless | PGC,NGC 221,coordinate_match,Distance: 0.0000°
Sh2-80,UGC 170,Sharpless | UGC,Galaxie d'Andromède,coordinate_match,Distance: 0.0000°
Sh2-80,PGC 224,Sharpless | PGC,Galaxie d'Andromède,coordinate_match,Distance: 0.0000°
Sh2-257,UGC 150,Sharpless | UGC,NGC 205,coordinate_match,Distance: 0.0000°
Sh2-257,PGC 205,Sharpless | PGC,NGC 205,coordinate_match,Distance: 0.0000°
Sh2-258,UGC 165,Sharpless | UGC,NGC 221,coordinate_match,Distance: 0.0000°
Sh2-258,PGC 221,Sharpless | PGC,NGC 221,coordinate_match,Distance: 0.0000°
Sh2-259,UGC 170,Sharpless | UGC,NGC 224,coordinate_match,Distance: 0.0000°
Sh2-259,PGC 224,Sharpless | PGC,NGC 224,coordinate_match,Distance: 0.0000°
UGC 150,PGC 205,UGC | PGC,NGC 205,coordinate_match,Distance: 0.0000°
UGC 165,PGC 221,UGC | PGC,NGC 221,coordinate_match,Distance: 0.0000°
UGC 170,PGC 224,UGC | PGC,NGC 224,coordinate_match,Distance: 0.0000°
M33,C33,Messier | Caldwell,Galaxie du Triangle,coordinate_match,Distance: 0.0000°
Sh2-81,PGC 598,Sharpless | PGC,M33,coordinate_match,Distance: 0.0000°
Sh2-260,PGC 598,Sharpless | PGC,M33,coordinate_match,Distance: 0.0000°
M34,Sh2-65,Messier | Sharpless,Amas ouvert,coordinate_match,Distance: 0.0166°
M34,Sh2-215,Messier | Sharpless,Amas ouvert,coordinate_match,Distance: 0.0166°
M34,Sh2-244,Messier | Sharpless,Amas ouvert,coordinate_match,Distance: 0.0166°
M35,Sh2-58,Messier | Sharpless,Amas ouvert,coordinate_match,Distance: 0.0574°
M35,Sh2-208,Messier | Sharpless,Amas ouvert,coordinate_match,Distance: 0.0574°
M35,Sh2-311,Messier | Sharpless,Amas ouvert,coordinate_match,Distance: 0.0574°
M36,C37,Messier | Caldwell,Amas ouvert,coordinate_match,Distance: 0.0000°
M36,Sh2-60,Messier | Sharpless,Amas ouvert,coordinate_match,Distance: 0.0000°
M36,Sh2-210,Messier | Sharpless,Amas ouvert,coordinate_match,Distance: 0.0000°
M36,Sh2-239,Messier | Sharpless,Amas ouvert,coordinate_match,Distance: 0.0000°
M36,Sh2-313,Messier | Sharpless,Amas ouvert,coordinate_match,Distance: 0.0000°
C37,Sh2-60,Caldwell | Sharpless,Amas ouvert,coordinate_match,Distance: 0.0000°
C37,Sh2-210,Caldwell | Sharpless,Amas ouvert,coordinate_match,Distance: 0.0000°
C37,Sh2-239,Caldwell | Sharpless,Amas ouvert,coordinate_match,Distance: 0.0000°
C37,Sh2-313,Caldwell | Sharpless,Amas ouvert,coordinate_match,Distance: 0.0000°
M37,Sh2-59,Messier | Sharpless,Amas ouvert,coordinate_match,Distance: 0.0531°
M37,Sh2-209,Messier | Sharpless,Amas ouvert,coordinate_match,Distance: 0.0531°
M37,Sh2-238,Messier | Sharpless,Amas ouvert,coordinate_match,Distance: 0.0531°
M37,Sh2-312,Messier | Sharpless,Amas ouvert,coordinate_match,Distance: 0.0531°
M37,UGC 3000,Messier | UGC,Amas ouvert,coordinate_match,Distance: 0.0531°
Sh2-59,UGC 3000,Sharpless | UGC,NGC 2099,coordinate_match,Distance: 0.0000°
Sh2-209,UGC 3000,Sharpless | UGC,NGC 2099,coordinate_match,Distance: 0.0000°
Sh2-238,UGC 3000,Sharpless | UGC,NGC 2099,coordinate_match,Distance: 0.0000°
Sh2-312,UGC 3000,Sharpless | UGC,NGC 2099,coordinate_match,Distance: 0.0000°
M38,Sh2-61,Messier | Sharpless,Amas ouvert,coordinate_match,Distance: 0.0000°
M38,Sh2-211,Messier | Sharpless,Amas ouvert,coordinate_match,Distance: 0.0000°
M39,Sh2-39,Messier | Sharpless,Amas ouvert,coordinate_match,Distance: 0.0000°
M39,Sh2-190,Messier | Sharpless,Amas ouvert,coordinate_match,Distance: 0.0000°
M39,UGC 8100,Messier | UGC,Amas ouvert,coordinate_match,Distance: 0.0000°
Sh2-39,UGC 8100,Sharpless | UGC,NGC 7092,coordinate_match,Distance: 0.0000°
Sh2-190,UGC 8100,Sharpless | UGC,NGC 7092,coordinate_match,Distance: 0.0000°
Sh2-55,UGC 3100,Sharpless | UGC,NGC 2287,coordinate_match,Distance: 0.0000°
Sh2-200,UGC 3100,Sharpless | UGC,NGC 2287,coordinate_match,Distance: 0.0000°
Sh2-229,UGC 3100,Sharpless | UGC,NGC 2287,coordinate_match,Distance: 0.0000°
Sh2-303,UGC 3100,Sharpless | UGC,NGC 2287,coordinate_match,Distance: 0.0000°
M42,C42,Messier | Caldwell,Grande Nébuleuse d'Orion,coordinate_match,Distance: 0.0000°
M42,Sh2-51,Messier | Sharpless,Grande Nébuleuse d'Orion,coordinate_match,Distance: 0.0056°
M42,Sh2-195,Messier | Sharpless,Grande Nébuleuse d'Orion,coordinate_match,Distance: 0.0056°
M42,Sh2-298,Messier | Sharpless,Grande Nébuleuse d'Orion,coordinate_match,Distance: 0.0056°
M43,Sh2-52,Messier | Sharpless,Nébuleuse de Mairan,coordinate_match,Distance: 0.0634°
M43,Sh2-196,Messier | Sharpless,Nébuleuse de Mairan,coordinate_match,Distance: 0.0634°
M43,Sh2-225,Messier | Sharpless,Nébuleuse de Mairan,coordinate_match,Distance: 0.0634°
M43,Sh2-299,Messier | Sharpless,Nébuleuse de Mairan,coordinate_match,Distance: 0.0634°
M43,UGC 2800,Messier | UGC,Nébuleuse de Mairan,coordinate_match,Distance: 0.0634°
C42,Sh2-51,Caldwell | Sharpless,Nébuleuse d'Orion,coordinate_match,Distance: 0.0056°
C42,Sh2-195,Caldwell | Sharpless,Nébuleuse d'Orion,coordinate_match,Distance: 0.0056°
C42,Sh2-298,Caldwell | Sharpless,Nébuleuse d'Orion,coordinate_match,Distance: 0.0056°
Sh2-52,UGC 2800,Sharpless | UGC,NGC 1982,coordinate_match,Distance: 0.0000°
Sh2-196,UGC 2800,Sharpless | UGC,NGC 1982,coordinate_match,Distance: 0.0000°
Sh2-224,UGC 2700,Sharpless | UGC,Grande Nébuleuse d'Orion,coordinate_match,Distance: 0.0000°
Sh2-225,UGC 2800,Sharpless | UGC,NGC 1982,coordinate_match,Distance: 0.0000°
Sh2-299,UGC 2800,Sharpless | UGC,NGC 1982,coordinate_match,Distance: 0.0000°
M44,Sh2-56,Messier | Sharpless,Amas de la Ruche,coordinate_match,Distance: 0.0000°
M44,Sh2-309,Messier | Sharpless,Amas de la Ruche,coordinate_match,Distance: 0.0000°
M45,C45,Messier | Caldwell,Pléiades,coordinate_match,Distance: 0.0000°
M48,Sh2-48,Messier | Sharpless,Amas ouvert,coordinate_match,Distance: 0.0612°
M48,Sh2-205,Messier | Sharpless,Amas ouvert,coordinate_match,Distance: 0.0612°
M48,Sh2-234,Messier | Sharpless,Amas ouvert,coordinate_match,Distance: 0.0612°
M48,UGC 3500,Messier | UGC,Amas ouvert,coordinate_match,Distance: 0.0612°
Sh2-48,UGC 3500,Sharpless | UGC,NGC 2548,coordinate_match,Distance: 0.0000°
Sh2-205,UGC 3500,Sharpless | UGC,NGC 2548,coordinate_match,Distance: 0.0000°
Sh2-234,UGC 3500,Sharpless | UGC,NGC 2548,coordinate_match,Distance: 0.0000°
M50,Sh2-50,Messier | Sharpless,Amas ouvert,coordinate_match,Distance: 0.0000°
M50,Sh2-201,Messier | Sharpless,Amas ouvert,coordinate_match,Distance: 0.0000°
M50,Sh2-230,Messier | Sharpless,Amas ouvert,coordinate_match,Distance: 0.0000°
M50,Sh2-304,Messier | Sharpless,Amas ouvert,coordinate_match,Distance: 0.0000°
M50,UGC 3200,Messier | UGC,Amas ouvert,coordinate_match,Distance: 0.0000°
Sh2-50,UGC 3200,Sharpless | UGC,NGC 2323,coordinate_match,Distance: 0.0000°
Sh2-201,UGC 3200,Sharpless | UGC,NGC 2323,coordinate_match,Distance: 0.0000°
Sh2-230,UGC 3200,Sharpless | UGC,NGC 2323,coordinate_match,Distance: 0.0000°
Sh2-304,UGC 3200,Sharpless | UGC,NGC 2323,coordinate_match,Distance: 0.0000°
M51,Sh2-147,Messier | Sharpless,Galaxie du Tourbillon,coordinate_match,Distance: 0.0006°
M51,UGC 6400,Messier | UGC,Galaxie du Tourbillon,coordinate_match,Distance: 0.0006°
M51,PGC 5194,Messier | PGC,Galaxie du Tourbillon,coordinate_match,Distance: 0.0006°
M51,PGC 51522,Messier | PGC,Galaxie du Tourbillon,coordinate_match,Distance: 0.0006°
Sh2-147,UGC 6400,Sharpless | UGC,NGC 5194,coordinate_match,Distance: 0.0000°
Sh2-147,PGC 5194,Sharpless | PGC,NGC 5194,coordinate_match,Distance: 0.0000°
Sh2-147,PGC 51522,Sharpless | PGC,NGC 5194,coordinate_match,Distance: 0.0000°
UGC 6400,PGC 5194,UGC | PGC,NGC 5194,coordinate_match,Distance: 0.0000°
UGC 6400,PGC 51522,UGC | PGC,NGC 5194,coordinate_match,Distance: 0.0000°
M52,Sh2-43,Messier | Sharpless,Amas ouvert,coordinate_match,Distance: 0.0000°
M52,Sh2-192,Messier | Sharpless,Amas ouvert,coordinate_match,Distance: 0.0000°
M52,UGC 8300,Messier | UGC,Amas ouvert,coordinate_match,Distance: 0.0000°
Sh2-43,UGC 8300,Sharpless | UGC,NGC 7654,coordinate_match,Distance: 0.0000°
Sh2-192,UGC 8300,Sharpless | UGC,NGC 7654,coordinate_match,Distance: 0.0000°
M53,Sh2-145,Messier | Sharpless,Amas globulaire,coordinate_match,Distance: 0.0000°
M53,UGC 6200,Messier | UGC,Amas globulaire,coordinate_match,Distance: 0.0000°
Sh2-145,UGC 6200,Sharpless | UGC,NGC 5024,coordinate_match,Distance: 0.0000°
M70,Sh2-33,Messier | Sharpless,Amas globulaire,coordinate_match,Distance: 0.0526°
M70,Sh2-176,Messier | Sharpless,Amas globulaire,coordinate_match,Distance: 0.0526°
M55,Sh2-37,Messier | Sharpless,Amas globulaire,coordinate_match,Distance: 0.0084°
M55,Sh2-182,Messier | Sharpless,Amas globulaire,coordinate_match,Distance: 0.0084°
M57,Sh2-35,Messier | Sharpless,Nébuleuse de l'Anneau,coordinate_match,Distance: 0.0000°
M57,Sh2-180,Messier | Sharpless,Nébuleuse de l'Anneau,coordinate_match,Distance: 0.0000°
M57,UGC 7700,Messier | UGC,Nébuleuse de l'Anneau,coordinate_match,Distance: 0.0000°
Sh2-35,UGC 7700,Sharpless | UGC,NGC 6720,coordinate_match,Distance: 0.0000°
Sh2-180,UGC 7700,Sharpless | UGC,NGC 6720,coordinate_match,Distance: 0.0000°
M84,Sh2-130,Messier | Sharpless,Galaxie elliptique,coordinate_match,Distance: 0.0600°
M84,UGC 4800,Messier | UGC,Galaxie elliptique,coordinate_match,Distance: 0.0600°
M84,PGC 4374,Messier | PGC,Galaxie elliptique,coordinate_match,Distance: 0.0600°
M86,UGC 5000,Messier | UGC,Galaxie elliptique,coordinate_match,Distance: 0.0000°
M86,PGC 4406,Messier | PGC,Galaxie elliptique,coordinate_match,Distance: 0.0000°
M88,Sh2-135,Messier | Sharpless,Galaxie spirale,coordinate_match,Distance: 0.0000°
M88,UGC 5300,Messier | UGC,Galaxie spirale,coordinate_match,Distance: 0.0000°
M88,PGC 4501,Messier | PGC,Galaxie spirale,coordinate_match,Distance: 0.0000°
M90,Sh2-138,Messier | Sharpless,Galaxie spirale,coordinate_match,Distance: 0.0000°
M90,UGC 5500,Messier | UGC,Galaxie spirale,coordinate_match,Distance: 0.0000°
M90,PGC 4569,Messier | PGC,Galaxie spirale,coordinate_match,Distance: 0.0000°
Sh2-134,UGC 5200,Sharpless | UGC,NGC 4486,coordinate_match,Distance: 0.0000°
Sh2-134,PGC 4486,Sharpless | PGC,NGC 4486,coordinate_match,Distance: 0.0000°
Sh2-135,UGC 5300,Sharpless | UGC,NGC 4501,coordinate_match,Distance: 0.0000°
Sh2-135,PGC 4501,Sharpless | PGC,NGC 4501,coordinate_match,Distance: 0.0000°
Sh2-138,UGC 5500,Sharpless | UGC,NGC 4569,coordinate_match,Distance: 0.0000°
Sh2-138,PGC 4569,Sharpless | PGC,NGC 4569,coordinate_match,Distance: 0.0000°
Sh2-139,UGC 5600,Sharpless | UGC,NGC 4579,coordinate_match,Distance: 0.0000°
Sh2-139,PGC 4579,Sharpless | PGC,NGC 4579,coordinate_match,Distance: 0.0000°
UGC 5000,PGC 4406,UGC | PGC,NGC 4406,coordinate_match,Distance: 0.0000°
UGC 5200,PGC 4486,UGC | PGC,NGC 4486,coordinate_match,Distance: 0.0000°
UGC 5300,PGC 4501,UGC | PGC,NGC 4501,coordinate_match,Distance: 0.0000°
UGC 5500,PGC 4569,UGC | PGC,NGC 4569,coordinate_match,Distance: 0.0000°
UGC 5600,PGC 4579,UGC | PGC,NGC 4579,coordinate_match,Distance: 0.0000°
M59,Sh2-141,Messier | Sharpless,Galaxie elliptique,coordinate_match,Distance: 0.0000°
M59,UGC 5800,Messier | UGC,Galaxie elliptique,coordinate_match,Distance: 0.0000°
M59,PGC 4621,Messier | PGC,Galaxie elliptique,coordinate_match,Distance: 0.0000°
M60,Sh2-142,Messier | Sharpless,Galaxie elliptique,coordinate_match,Distance: 0.0603°
M60,UGC 5900,Messier | UGC,Galaxie elliptique,coordinate_match,Distance: 0.0603°
M60,PGC 4649,Messier | PGC,Galaxie elliptique,coordinate_match,Distance: 0.0603°
Sh2-141,UGC 5800,Sharpless | UGC,NGC 4621,coordinate_match,Distance: 0.0000°
Sh2-141,PGC 4621,Sharpless | PGC,NGC 4621,coordinate_match,Distance: 0.0000°
Sh2-142,UGC 5900,Sharpless | UGC,NGC 4649,coordinate_match,Distance: 0.0000°
Sh2-142,PGC 4649,Sharpless | PGC,NGC 4649,coordinate_match,Distance: 0.0000°
UGC 5800,PGC 4621,UGC | PGC,NGC 4621,coordinate_match,Distance: 0.0000°
UGC 5900,PGC 4649,UGC | PGC,NGC 4649,coordinate_match,Distance: 0.0000°
M61,Sh2-128,Messier | Sharpless,Galaxie spirale,coordinate_match,Distance: 0.0000°
M62,Sh2-159,Messier | Sharpless,Amas globulaire,coordinate_match,Distance: 0.0534°
M63,Sh2-146,Messier | Sharpless,Galaxie du Tournesol,coordinate_match,Distance: 0.0470°
M63,UGC 6300,Messier | UGC,Galaxie du Tournesol,coordinate_match,Distance: 0.0470°
M63,PGC 5055,Messier | PGC,Galaxie du Tournesol,coordinate_match,Distance: 0.0470°
Sh2-146,UGC 6300,Sharpless | UGC,NGC 5055,coordinate_match,Distance: 0.0000°
Sh2-146,PGC 5055,Sharpless | PGC,NGC 5055,coordinate_match,Distance: 0.0000°
UGC 6300,PGC 5055,UGC | PGC,NGC 5055,coordinate_match,Distance: 0.0000°
Sh2-144,UGC 6100,Sharpless | UGC,NGC 4826,coordinate_match,Distance: 0.0000°
Sh2-144,PGC 4826,Sharpless | PGC,NGC 4826,coordinate_match,Distance: 0.0000°
UGC 6100,PGC 4826,UGC | PGC,NGC 4826,coordinate_match,Distance: 0.0000°
M66,Sh2-125,Messier | Sharpless,Galaxie spirale,coordinate_match,Distance: 0.0000°
M66,UGC 4500,Messier | UGC,Galaxie spirale,coordinate_match,Distance: 0.0000°
M66,PGC 3627,Messier | PGC,Galaxie spirale,coordinate_match,Distance: 0.0000°
Sh2-124,UGC 4400,Sharpless | UGC,NGC 3623,coordinate_match,Distance: 0.0000°
Sh2-124,PGC 3623,Sharpless | PGC,NGC 3623,coordinate_match,Distance: 0.0000°
Sh2-125,UGC 4500,Sharpless | UGC,NGC 3627,coordinate_match,Distance: 0.0000°
Sh2-125,PGC 3627,Sharpless | PGC,NGC 3627,coordinate_match,Distance: 0.0000°
UGC 4400,PGC 3623,UGC | PGC,NGC 3623,coordinate_match,Distance: 0.0000°
UGC 4500,PGC 3627,UGC | PGC,NGC 3627,coordinate_match,Distance: 0.0000°
M67,Sh2-57,Messier | Sharpless,Amas ouvert,coordinate_match,Distance: 0.0000°
M67,Sh2-207,Messier | Sharpless,Amas ouvert,coordinate_match,Distance: 0.0000°
M67,Sh2-236,Messier | Sharpless,Amas ouvert,coordinate_match,Distance: 0.0000°
M67,Sh2-310,Messier | Sharpless,Amas ouvert,coordinate_match,Distance: 0.0000°
M67,UGC 3600,Messier | UGC,Amas ouvert,coordinate_match,Distance: 0.0000°
Sh2-57,UGC 3600,Sharpless | UGC,NGC 2682,coordinate_match,Distance: 0.0000°
Sh2-207,UGC 3600,Sharpless | UGC,NGC 2682,coordinate_match,Distance: 0.0000°
Sh2-236,UGC 3600,Sharpless | UGC,NGC 2682,coordinate_match,Distance: 0.0000°
Sh2-310,UGC 3600,Sharpless | UGC,NGC 2682,coordinate_match,Distance: 0.0000°
M69,Sh2-32,Messier | Sharpless,Amas globulaire,coordinate_match,Distance: 0.0520°
M69,Sh2-174,Messier | Sharpless,Amas globulaire,coordinate_match,Distance: 0.0520°
M71,Sh2-38,Messier | Sharpless,Amas globulaire,coordinate_match,Distance: 0.0000°
M71,Sh2-183,Messier | Sharpless,Amas globulaire,coordinate_match,Distance: 0.0000°
M73,Sh2-41,Messier | Sharpless,Astérisme,coordinate_match,Distance: 0.0000°
M73,Sh2-187,Messier | Sharpless,Astérisme,coordinate_match,Distance: 0.0000°
M74,C62,Messier | Caldwell,Galaxie spirale,coordinate_match,Distance: 0.0000°
Sh2-82,UGC 400,Sharpless | UGC,NGC 628,coordinate_match,Distance: 0.0000°
Sh2-82,PGC 628,Sharpless | PGC,NGC 628,coordinate_match,Distance: 0.0000°
Sh2-261,UGC 400,Sharpless | UGC,NGC 628,coordinate_match,Distance: 0.0000°
Sh2-261,PGC 628,Sharpless | PGC,NGC 628,coordinate_match,Distance: 0.0000°
UGC 400,PGC 628,UGC | PGC,NGC 628,coordinate_match,Distance: 0.0000°
M76,Sh2-66,Messier | Sharpless,Petite Nébuleuse de l'Haltère,coordinate_match,Distance: 0.0774°
M76,Sh2-245,Messier | Sharpless,Petite Nébuleuse de l'Haltère,coordinate_match,Distance: 0.0774°
Sh2-116,UGC 800,Sharpless | UGC,NGC 1068,coordinate_match,Distance: 0.0000°
Sh2-116,PGC 1068,Sharpless | PGC,NGC 1068,coordinate_match,Distance: 0.0000°
Sh2-295,UGC 800,Sharpless | UGC,NGC 1068,coordinate_match,Distance: 0.0000°
Sh2-295,PGC 1068,Sharpless | PGC,NGC 1068,coordinate_match,Distance: 0.0000°
UGC 800,PGC 1068,UGC | PGC,NGC 1068,coordinate_match,Distance: 0.0000°
Sh2-53,UGC 2900,Sharpless | UGC,NGC 2068,coordinate_match,Distance: 0.0000°
Sh2-197,UGC 2900,Sharpless | UGC,NGC 2068,coordinate_match,Distance: 0.0000°
Sh2-226,UGC 2900,Sharpless | UGC,NGC 2068,coordinate_match,Distance: 0.0000°
Sh2-300,UGC 2900,Sharpless | UGC,NGC 2068,coordinate_match,Distance: 0.0000°
Sh2-70,UGC 2500,Sharpless | UGC,NGC 1904,coordinate_match,Distance: 0.0000°
Sh2-220,UGC 2500,Sharpless | UGC,NGC 1904,coordinate_match,Distance: 0.0000°
M80,Sh2-153,Messier | Sharpless,Amas globulaire,coordinate_match,Distance: 0.0580°
M81,Sh2-117,Messier | Sharpless,Galaxie de Bode,coordinate_match,Distance: 0.0445°
M81,UGC 3700,Messier | UGC,Galaxie de Bode,coordinate_match,Distance: 0.0445°
M81,PGC 3031,Messier | PGC,Galaxie de Bode,coordinate_match,Distance: 0.0445°
M82,Sh2-118,Messier | Sharpless,Galaxie du Cigare,coordinate_match,Distance: 0.0432°
M82,UGC 3800,Messier | UGC,Galaxie du Cigare,coordinate_match,Distance: 0.0432°
M82,PGC 3034,Messier | PGC,Galaxie du Cigare,coordinate_match,Distance: 0.0432°
Sh2-117,UGC 3700,Sharpless | UGC,NGC 3031,coordinate_match,Distance: 0.0000°
Sh2-117,PGC 3031,Sharpless | PGC,NGC 3031,coordinate_match,Distance: 0.0000°
Sh2-118,UGC 3800,Sharpless | UGC,NGC 3034,coordinate_match,Distance: 0.0000°
Sh2-118,PGC 3034,Sharpless | PGC,NGC 3034,coordinate_match,Distance: 0.0000°
UGC 3700,PGC 3031,UGC | PGC,NGC 3031,coordinate_match,Distance: 0.0000°
UGC 3800,PGC 3034,UGC | PGC,NGC 3034,coordinate_match,Distance: 0.0000°
Sh2-148,UGC 6500,Sharpless | UGC,NGC 5236,coordinate_match,Distance: 0.0000°
Sh2-148,PGC 5236,Sharpless | PGC,NGC 5236,coordinate_match,Distance: 0.0000°
UGC 6500,PGC 5236,UGC | PGC,NGC 5236,coordinate_match,Distance: 0.0000°
Sh2-131,UGC 4900,Sharpless | UGC,NGC 4382,coordinate_match,Distance: 0.0000°
Sh2-131,PGC 4382,Sharpless | PGC,NGC 4382,coordinate_match,Distance: 0.0000°
UGC 4900,PGC 4382,UGC | PGC,NGC 4382,coordinate_match,Distance: 0.0000°
M92,UGC 7000,Messier | UGC,Amas globulaire,coordinate_match,Distance: 0.0000°
Sh2-47,UGC 3400,Sharpless | UGC,NGC 2447,coordinate_match,Distance: 0.0000°
Sh2-204,UGC 3400,Sharpless | UGC,NGC 2447,coordinate_match,Distance: 0.0000°
Sh2-233,UGC 3400,Sharpless | UGC,NGC 2447,coordinate_match,Distance: 0.0000°
Sh2-307,UGC 3400,Sharpless | UGC,NGC 2447,coordinate_match,Distance: 0.0000°
Sh2-143,UGC 6000,Sharpless | UGC,NGC 4736,coordinate_match,Distance: 0.0000°
Sh2-143,PGC 4736,Sharpless | PGC,NGC 4736,coordinate_match,Distance: 0.0000°
UGC 6000,PGC 4736,UGC | PGC,NGC 4736,coordinate_match,Distance: 0.0000°
M96,Sh2-120,Messier | Sharpless,Galaxie spirale,coordinate_match,Distance: 0.0000°
M96,UGC 4200,Messier | UGC,Galaxie spirale,coordinate_match,Distance: 0.0000°
M96,PGC 3368,Messier | PGC,Galaxie spirale,coordinate_match,Distance: 0.0000°
Sh2-120,UGC 4200,Sharpless | UGC,NGC 3368,coordinate_match,Distance: 0.0000°
Sh2-120,PGC 3368,Sharpless | PGC,NGC 3368,coordinate_match,Distance: 0.0000°
Sh2-121,UGC 4300,Sharpless | UGC,NGC 3379,coordinate_match,Distance: 0.0000°
Sh2-121,PGC 3379,Sharpless | PGC,NGC 3379,coordinate_match,Distance: 0.0000°
UGC 4100,PGC 3351,UGC | PGC,NGC 3351,coordinate_match,Distance: 0.0000°
UGC 4200,PGC 3368,UGC | PGC,NGC 3368,coordinate_match,Distance: 0.0000°
UGC 4300,PGC 3379,UGC | PGC,NGC 3379,coordinate_match,Distance: 0.0000°
M97,Sh2-123,Messier | Sharpless,Nébuleuse du Hibou,coordinate_match,Distance: 0.0714°
M108,Sh2-122,Messier | Sharpless,Galaxie spirale,coordinate_match,Distance: 0.0711°
M101,Sh2-150,Messier | Sharpless,Galaxie du Moulinet,coordinate_match,Distance: 0.0367°
M101,UGC 6700,Messier | UGC,Galaxie du Moulinet,coordinate_match,Distance: 0.0367°
M101,PGC 5457,Messier | PGC,Galaxie du Moulinet,coordinate_match,Distance: 0.0367°
Sh2-150,UGC 6700,Sharpless | UGC,NGC 5457,coordinate_match,Distance: 0.0000°
Sh2-150,PGC 5457,Sharpless | PGC,NGC 5457,coordinate_match,Distance: 0.0000°
UGC 6700,PGC 5457,UGC | PGC,NGC 5457,coordinate_match,Distance: 0.0000°
M102,Sh2-151,Messier | Sharpless,Galaxie du Fuseau,coordinate_match,Distance: 0.0720°
M102,UGC 6800,Messier | UGC,Galaxie du Fuseau,coordinate_match,Distance: 0.0720°
M102,PGC 5866,Messier | PGC,Galaxie du Fuseau,coordinate_match,Distance: 0.0720°
Sh2-151,UGC 6800,Sharpless | UGC,NGC 5866,coordinate_match,Distance: 0.0000°
Sh2-151,PGC 5866,Sharpless | PGC,NGC 5866,coordinate_match,Distance: 0.0000°
UGC 6800,PGC 5866,UGC | PGC,NGC 5866,coordinate_match,Distance: 0.0000°
M104,Sh2-140,Messier | Sharpless,Galaxie du Sombrero,coordinate_match,Distance: 0.0000°
M104,UGC 5700,Messier | UGC,Galaxie du Sombrero,coordinate_match,Distance: 0.0000°
M104,PGC 4594,Messier | PGC,Galaxie du Sombrero,coordinate_match,Distance: 0.0000°
Sh2-140,UGC 5700,Sharpless | UGC,NGC 4594,coordinate_match,Distance: 0.0000°
Sh2-140,PGC 4594,Sharpless | PGC,NGC 4594,coordinate_match,Distance: 0.0000°
UGC 5700,PGC 4594,UGC | PGC,NGC 4594,coordinate_match,Distance: 0.0000°
M106,Sh2-127,Messier | Sharpless,Galaxie spirale,coordinate_match,Distance: 0.0000°
M106,UGC 4700,Messier | UGC,Galaxie spirale,coordinate_match,Distance: 0.0000°
M106,PGC 4258,Messier | PGC,Galaxie spirale,coordinate_match,Distance: 0.0000°
Sh2-127,UGC 4700,Sharpless | UGC,NGC 4258,coordinate_match,Distance: 0.0000°
Sh2-127,PGC 4258,Sharpless | PGC,NGC 4258,coordinate_match,Distance: 0.0000°
UGC 4700,PGC 4258,UGC | PGC,NGC 4258,coordinate_match,Distance: 0.0000°
M109,Sh2-126,Messier | Sharpless,Galaxie spirale barrée,coordinate_match,Distance: 0.0752°
M109,UGC 4600,Messier | UGC,Galaxie spirale barrée,coordinate_match,Distance: 0.0752°
M109,PGC 3992,Messier | PGC,Galaxie spirale barrée,coordinate_match,Distance: 0.0752°
Sh2-126,UGC 4600,Sharpless | UGC,NGC 3992,coordinate_match,Distance: 0.0000°
Sh2-126,PGC 3992,Sharpless | PGC,NGC 3992,coordinate_match,Distance: 0.0000°
UGC 4600,PGC 3992,UGC | PGC,NGC 3992,coordinate_match,Distance: 0.0000°
C7,PGC 2403,Caldwell | PGC,Galaxie spirale,coordinate_match,Distance: 0.0167°
C17,Sh2-49,Caldwell | Sharpless,Nébuleuse de la Rosette,coordinate_match,Distance: 0.0000°
C17,Sh2-198,Caldwell | Sharpless,Nébuleuse de la Rosette,coordinate_match,Distance: 0.0000°
C17,Sh2-227,Caldwell | Sharpless,Nébuleuse de la Rosette,coordinate_match,Distance: 0.0000°
C17,Sh2-243,Caldwell | Sharpless,Nébuleuse de la Rosette,coordinate_match,Distance: 0.0000°
C17,Sh2-252,Caldwell | Sharpless,Nébuleuse de la Rosette,coordinate_match,Distance: 0.0000°
C17,Sh2-301,Caldwell | Sharpless,Nébuleuse de la Rosette,coordinate_match,Distance: 0.0000°
C49,Sh2-49,Caldwell | Sharpless,Nébuleuse de la Rosette,coordinate_match,Distance: 0.0000°
C49,Sh2-198,Caldwell | Sharpless,Nébuleuse de la Rosette,coordinate_match,Distance: 0.0000°
C49,Sh2-227,Caldwell | Sharpless,Nébuleuse de la Rosette,coordinate_match,Distance: 0.0000°
C49,Sh2-243,Caldwell | Sharpless,Nébuleuse de la Rosette,coordinate_match,Distance: 0.0000°
C49,Sh2-252,Caldwell | Sharpless,Nébuleuse de la Rosette,coordinate_match,Distance: 0.0000°
C49,Sh2-301,Caldwell | Sharpless,Nébuleuse de la Rosette,coordinate_match,Distance: 0.0000°
C21,PGC 4449,Caldwell | PGC,Galaxie irrégulière,coordinate_match,Distance: 0.0442°
C23,UGC 600,Caldwell | UGC,Galaxie du Couteau d'Argent,coordinate_match,Distance: 0.0920°
C23,PGC 891,Caldwell | PGC,Galaxie du Couteau d'Argent,coordinate_match,Distance: 0.0920°
Sh2-112,UGC 600,Sharpless | UGC,NGC 891,coordinate_match,Distance: 0.0920°
Sh2-112,PGC 891,Sharpless | PGC,NGC 891,coordinate_match,Distance: 0.0920°
Sh2-291,UGC 600,Sharpless | UGC,NGC 891,coordinate_match,Distance: 0.0920°
Sh2-291,PGC 891,Sharpless | PGC,NGC 891,coordinate_match,Distance: 0.0920°
UGC 600,PGC 891,UGC | PGC,NGC 891,coordinate_match,Distance: 0.0000°
Sh2-194,UGC 3300,Sharpless | UGC,NGC 2392,coordinate_match,Distance: 0.0000°
Sh2-297,UGC 3300,Sharpless | UGC,NGC 2392,coordinate_match,Distance: 0.0000°
C52,UGC 185,Caldwell | UGC,Galaxie spirale,coordinate_match,Distance: 0.0556°
C52,PGC 253,Caldwell | PGC,Galaxie spirale,coordinate_match,Distance: 0.0556°
UGC 185,PGC 253,UGC | PGC,NGC 253,coordinate_match,Distance: 0.0000°
C77,PGC 5128,Caldwell | PGC,Galaxie du Centaure A,coordinate_match,Distance: 0.0910°
C80,PGC 5128,Caldwell | PGC,Galaxie du Centaure A,coordinate_match,Distance: 0.0910°
C107,Sh2-73,Caldwell | Sharpless,Amas globulaire,coordinate_match,Distance: 0.0000°
C108,Sh2-72,Caldwell | Sharpless,Amas globulaire,coordinate_match,Distance: 0.0838°
C108,Sh2-251,Caldwell | Sharpless,Amas globulaire,coordinate_match,Distance: 0.0838°
Sh2-216,UGC 1500,Sharpless | UGC,Nébuleuse de Californie,coordinate_match,Distance: 0.0000°
Sh2-77,UGC 90,Sharpless | UGC,NGC 147,coordinate_match,Distance: 0.0000°
Sh2-77,PGC 147,Sharpless | PGC,NGC 147,coordinate_match,Distance: 0.0000°
Sh2-256,UGC 90,Sharpless | UGC,NGC 147,coordinate_match,Distance: 0.0000°
Sh2-256,PGC 147,Sharpless | PGC,NGC 147,coordinate_match,Distance: 0.0000°
UGC 90,PGC 147,UGC | PGC,NGC 147,coordinate_match,Distance: 0.0000°
UGC 180,PGC 247,UGC | PGC,NGC 247,coordinate_match,Distance: 0.0000°
Sh2-115,UGC 700,Sharpless | UGC,NGC 1023,coordinate_match,Distance: 0.0000°
Sh2-115,PGC 1023,Sharpless | PGC,NGC 1023,coordinate_match,Distance: 0.0000°
Sh2-294,UGC 700,Sharpless | UGC,NGC 1023,coordinate_match,Distance: 0.0000°
Sh2-294,PGC 1023,Sharpless | PGC,NGC 1023,coordinate_match,Distance: 0.0000°
UGC 700,PGC 1023,UGC | PGC,NGC 1023,coordinate_match,Distance: 0.0000°
UGC 15,PGC 23,UGC | PGC,NGC 23,coordinate_match,Distance: 0.0000°
UGC 35,PGC 55,UGC | PGC,NGC 55,coordinate_match,Distance: 0.0000°
UGC 80,PGC 134,UGC | PGC,NGC 134,coordinate_match,Distance: 0.0000°
UGC 130,PGC 185,UGC | PGC,NGC 185,coordinate_match,Distance: 0.0000°
UGC 300,PGC 488,UGC | PGC,NGC 488,coordinate_match,Distance: 0.0000°
UGC 500,PGC 772,UGC | PGC,NGC 772,coordinate_match,Distance: 0.0000°
UGC 900,PGC 1300,UGC | PGC,NGC 1300,coordinate_match,Distance: 0.0000°
UGC 1000,PGC 1316,UGC | PGC,NGC 1316,coordinate_match,Distance: 0.0000°
UGC 1100,PGC 1365,UGC | PGC,NGC 1365,coordinate_match,Distance: 0.0000°
UGC 1200,PGC 1399,UGC | PGC,NGC 1399,coordinate_match,Distance: 0.0000°
UGC 1300,PGC 1404,UGC | PGC,NGC 1404,coordinate_match,Distance: 0.0000°
UGC 1400,PGC 1433,UGC | PGC,NGC 1433,coordinate_match,Distance: 0.0000°
UGC 1600,PGC 1532,UGC | PGC,NGC 1532,coordinate_match,Distance: 0.0000°
UGC 1700,PGC 1566,UGC | PGC,NGC 1566,coordinate_match,Distance: 0.0000°
UGC 1800,PGC 1637,UGC | PGC,NGC 1637,coordinate_match,Distance: 0.0000°
UGC 2100,PGC 1700,UGC | PGC,NGC 1700,coordinate_match,Distance: 0.0000°
UGC 2200,PGC 1808,UGC | PGC,NGC 1808,coordinate_match,Distance: 0.0000°
UGC 3900,PGC 3115,UGC | PGC,NGC 3115,coordinate_match,Distance: 0.0000°
UGC 4000,PGC 3198,UGC | PGC,NGC 3198,coordinate_match,Distance: 0.0000°
PGC 2146,Abell 405,PGC | Abell,NGC 2146,coordinate_match,Distance: 0.0350°
M8,C8,Messier | Caldwell,Nébuleuse de la Lagune,type_magnitude_match,"Type: Emission Nebula, Mag: 6.0, Dist: 0.000°"
M8,C58,Messier | Caldwell,Nébuleuse de la Lagune,type_magnitude_match,"Type: Emission Nebula, Mag: 6.0, Dist: 0.000°"
M8,Sh2-8,Messier | Sharpless,Nébuleuse de la Lagune,type_magnitude_match,"Type: Emission Nebula, Mag: 6.0, Dist: 0.068°"
C8,Sh2-8,Caldwell | Sharpless,Nébuleuse de la Lagune,type_magnitude_match,"Type: Emission Nebula, Mag: 6.0, Dist: 0.068°"
C58,Sh2-8,Caldwell | Sharpless,Nébuleuse de la Lagune,type_magnitude_match,"Type: Emission Nebula, Mag: 6.0, Dist: 0.068°"
M16,C50,Messier | Caldwell,Nébuleuse de l'Aigle,type_magnitude_match,"Type: Emission Nebula, Mag: 6.4, Dist: 0.000°"
M16,C60,Messier | Caldwell,Nébuleuse de l'Aigle,type_magnitude_match,"Type: Emission Nebula, Mag: 6.4, Dist: 0.000°"
M17,C61,Messier | Caldwell,Nébuleuse Omega,type_magnitude_match,"Type: Emission Nebula, Mag: 7.0, Dist: 0.000°"
M27,Sh2-27,Messier | Sharpless,Nébuleuse de l'Haltère,type_magnitude_match,"Type: Planetary Nebula, Mag: 7.4, Dist: 0.005°"
M31,C31,Messier | Caldwell,Galaxie d'Andromède,type_magnitude_match,"Type: Galaxy, Mag: 3.4, Dist: 0.000°"
M31,UGC 170,Messier | UGC,Galaxie d'Andromède,type_magnitude_match,"Type: Galaxy, Mag: 3.4, Dist: 0.001°"
M31,PGC 224,Messier | PGC,Galaxie d'Andromède,type_magnitude_match,"Type: Galaxy, Mag: 3.4, Dist: 0.001°"
C31,UGC 170,Caldwell | UGC,Galaxie d'Andromède,type_magnitude_match,"Type: Galaxy, Mag: 3.4, Dist: 0.001°"
C31,PGC 224,Caldwell | PGC,Galaxie d'Andromède,type_magnitude_match,"Type: Galaxy, Mag: 3.4, Dist: 0.001°"
UGC 170,PGC 224,UGC | PGC,NGC 224,type_magnitude_match,"Type: Galaxy, Mag: 3.4, Dist: 0.000°"
M32,UGC 150,Messier | UGC,Galaxie elliptique,type_magnitude_match,"Type: Galaxy, Mag: 8.1, Dist: 0.942°"
M32,UGC 165,Messier | UGC,Galaxie elliptique,type_magnitude_match,"Type: Galaxy, Mag: 8.1, Dist: 0.048°"
M32,PGC 205,Messier | PGC,Galaxie elliptique,type_magnitude_match,"Type: Galaxy, Mag: 8.1, Dist: 0.942°"
M32,PGC 221,Messier | PGC,Galaxie elliptique,type_magnitude_match,"Type: Galaxy, Mag: 8.1, Dist: 0.048°"
M110,UGC 150,Messier | UGC,Galaxie elliptique naine,type_magnitude_match,"Type: Galaxy, Mag: 8.5, Dist: 0.000°"
M110,UGC 165,Messier | UGC,Galaxie elliptique naine,type_magnitude_match,"Type: Galaxy, Mag: 8.5, Dist: 0.968°"
M110,PGC 205,Messier | PGC,Galaxie elliptique naine,type_magnitude_match,"Type: Galaxy, Mag: 8.5, Dist: 0.000°"
M110,PGC 221,Messier | PGC,Galaxie elliptique naine,type_magnitude_match,"Type: Galaxy, Mag: 8.5, Dist: 0.968°"
UGC 150,PGC 205,UGC | PGC,NGC 205,type_magnitude_match,"Type: Galaxy, Mag: 8.5, Dist: 0.000°"
UGC 150,PGC 221,UGC | PGC,NGC 205,type_magnitude_match,"Type: Galaxy, Mag: 8.5, Dist: 0.968°"
UGC 165,PGC 205,UGC | PGC,NGC 221,type_magnitude_match,"Type: Galaxy, Mag: 8.5, Dist: 0.968°"
UGC 165,PGC 221,UGC | PGC,NGC 221,type_magnitude_match,"Type: Galaxy, Mag: 8.5, Dist: 0.000°"
M33,C33,Messier | Caldwell,Galaxie du Triangle,type_magnitude_match,"Type: Galaxy, Mag: 5.7, Dist: 0.000°"
M33,PGC 598,Messier | PGC,Galaxie du Triangle,type_magnitude_match,"Type: Galaxy, Mag: 5.7, Dist: 0.108°"
C33,PGC 598,Caldwell | PGC,Galaxie du Triangle,type_magnitude_match,"Type: Galaxy, Mag: 5.7, Dist: 0.108°"
M36,C37,Messier | Caldwell,Amas ouvert,type_magnitude_match,"Type: Open Cluster, Mag: 6.3, Dist: 0.000°"
M42,C42,Messier | Caldwell,Grande Nébuleuse d'Orion,type_magnitude_match,"Type: Emission Nebula, Mag: 4.0, Dist: 0.000°"
M42,Sh2-51,Messier | Sharpless,Grande Nébuleuse d'Orion,type_magnitude_match,"Type: Emission Nebula, Mag: 4.0, Dist: 0.006°"
M42,Sh2-224,Messier | Sharpless,Grande Nébuleuse d'Orion,type_magnitude_match,"Type: Emission Nebula, Mag: 4.0, Dist: 0.126°"
C42,Sh2-51,Caldwell | Sharpless,Nébuleuse d'Orion,type_magnitude_match,"Type: Emission Nebula, Mag: 4.0, Dist: 0.006°"
C42,Sh2-224,Caldwell | Sharpless,Nébuleuse d'Orion,type_magnitude_match,"Type: Emission Nebula, Mag: 4.0, Dist: 0.126°"
M45,C45,Messier | Caldwell,Pléiades,type_magnitude_match,"Type: Open Cluster, Mag: 1.6, Dist: 0.000°"
M60,UGC 5900,Messier | UGC,Galaxie elliptique,type_magnitude_match,"Type: Galaxy, Mag: 8.8, Dist: 0.060°"
M60,PGC 4649,Messier | PGC,Galaxie elliptique,type_magnitude_match,"Type: Galaxy, Mag: 8.8, Dist: 0.060°"
M86,UGC 5000,Messier | UGC,Galaxie elliptique,type_magnitude_match,"Type: Galaxy, Mag: 8.9, Dist: 0.000°"
M86,PGC 4406,Messier | PGC,Galaxie elliptique,type_magnitude_match,"Type: Galaxy, Mag: 8.9, Dist: 0.000°"
M87,UGC 5200,Messier | UGC,Galaxie elliptique géante,type_magnitude_match,"Type: Galaxy, Mag: 8.6, Dist: 0.123°"
M87,PGC 4486,Messier | PGC,Galaxie elliptique géante,type_magnitude_match,"Type: Galaxy, Mag: 8.6, Dist: 0.123°"
M104,UGC 5700,Messier | UGC,Galaxie du Sombrero,type_magnitude_match,"Type: Galaxy, Mag: 8.0, Dist: 0.000°"
M104,PGC 4594,Messier | PGC,Galaxie du Sombrero,type_magnitude_match,"Type: Galaxy, Mag: 8.0, Dist: 0.000°"
UGC 5000,PGC 4406,UGC | PGC,NGC 4406,type_magnitude_match,"Type: Galaxy, Mag: 8.6, Dist: 0.000°"
UGC 5200,PGC 4486,UGC | PGC,NGC 4486,type_magnitude_match,"Type: Galaxy, Mag: 8.6, Dist: 0.000°"
UGC 5700,PGC 4594,UGC | PGC,NGC 4594,type_magnitude_match,"Type: Galaxy, Mag: 8.0, Dist: 0.000°"
UGC 5900,PGC 4649,UGC | PGC,NGC 4649,type_magnitude_match,"Type: Galaxy, Mag: 8.8, Dist: 0.000°"
M51,UGC 6400,Messier | UGC,Galaxie du Tourbillon,type_magnitude_match,"Type: Galaxy, Mag: 8.4, Dist: 0.001°"
M51,PGC 5194,Messier | PGC,Galaxie du Tourbillon,type_magnitude_match,"Type: Galaxy, Mag: 8.4, Dist: 0.001°"
M51,PGC 51522,Messier | PGC,Galaxie du Tourbillon,type_magnitude_match,"Type: Galaxy, Mag: 8.4, Dist: 0.001°"
M63,UGC 6300,Messier | UGC,Galaxie du Tournesol,type_magnitude_match,"Type: Galaxy, Mag: 8.6, Dist: 0.047°"
M63,PGC 5055,Messier | PGC,Galaxie du Tournesol,type_magnitude_match,"Type: Galaxy, Mag: 8.6, Dist: 0.047°"
M94,UGC 6000,Messier | UGC,Galaxie spirale,type_magnitude_match,"Type: Galaxy, Mag: 8.2, Dist: 0.141°"
M94,PGC 4736,Messier | PGC,Galaxie spirale,type_magnitude_match,"Type: Galaxy, Mag: 8.2, Dist: 0.141°"
M106,UGC 4700,Messier | UGC,Galaxie spirale,type_magnitude_match,"Type: Galaxy, Mag: 8.4, Dist: 0.000°"
M106,PGC 4258,Messier | PGC,Galaxie spirale,type_magnitude_match,"Type: Galaxy, Mag: 8.4, Dist: 0.000°"
UGC 4700,PGC 4258,UGC | PGC,NGC 4258,type_magnitude_match,"Type: Galaxy, Mag: 8.4, Dist: 0.000°"
UGC 6000,PGC 4736,UGC | PGC,NGC 4736,type_magnitude_match,"Type: Galaxy, Mag: 8.2, Dist: 0.000°"
UGC 6300,PGC 5055,UGC | PGC,NGC 5055,type_magnitude_match,"Type: Galaxy, Mag: 8.6, Dist: 0.000°"
UGC 6400,PGC 5194,UGC | PGC,NGC 5194,type_magnitude_match,"Type: Galaxy, Mag: 8.4, Dist: 0.000°"
UGC 6400,PGC 51522,UGC | PGC,NGC 5194,type_magnitude_match,"Type: Galaxy, Mag: 8.4, Dist: 0.000°"
M58,UGC 5400,Messier | UGC,Galaxie spirale barrée,type_magnitude_match,"Type: Galaxy, Mag: 9.7, Dist: 0.995°"
M58,UGC 5600,Messier | UGC,Galaxie spirale barrée,type_magnitude_match,"Type: Galaxy, Mag: 9.7, Dist: 0.184°"
M58,PGC 4552,Messier | PGC,Galaxie spirale barrée,type_magnitude_match,"Type: Galaxy, Mag: 9.7, Dist: 0.995°"
M58,PGC 4579,Messier | PGC,Galaxie spirale barrée,type_magnitude_match,"Type: Galaxy, Mag: 9.7, Dist: 0.184°"
M59,UGC 5800,Messier | UGC,Galaxie elliptique,type_magnitude_match,"Type: Galaxy, Mag: 9.6, Dist: 0.000°"
M59,PGC 4621,Messier | PGC,Galaxie elliptique,type_magnitude_match,"Type: Galaxy, Mag: 9.6, Dist: 0.000°"
M84,UGC 4800,Messier | UGC,Galaxie elliptique,type_magnitude_match,"Type: Galaxy, Mag: 9.1, Dist: 0.060°"
M84,PGC 4374,Messier | PGC,Galaxie elliptique,type_magnitude_match,"Type: Galaxy, Mag: 9.1, Dist: 0.060°"
M89,UGC 5400,Messier | UGC,Galaxie elliptique,type_magnitude_match,"Type: Galaxy, Mag: 9.8, Dist: 0.123°"
M89,UGC 5500,Messier | UGC,Galaxie elliptique,type_magnitude_match,"Type: Galaxy, Mag: 9.8, Dist: 0.717°"
M89,UGC 5600,Messier | UGC,Galaxie elliptique,type_magnitude_match,"Type: Galaxy, Mag: 9.8, Dist: 0.820°"
M89,PGC 4552,Messier | PGC,Galaxie elliptique,type_magnitude_match,"Type: Galaxy, Mag: 9.8, Dist: 0.123°"
M89,PGC 4569,Messier | PGC,Galaxie elliptique,type_magnitude_match,"Type: Galaxy, Mag: 9.8, Dist: 0.717°"
M89,PGC 4579,Messier | PGC,Galaxie elliptique,type_magnitude_match,"Type: Galaxy, Mag: 9.8, Dist: 0.820°"
M90,UGC 5400,Messier | UGC,Galaxie spirale,type_magnitude_match,"Type: Galaxy, Mag: 9.5, Dist: 0.787°"
M90,UGC 5500,Messier | UGC,Galaxie spirale,type_magnitude_match,"Type: Galaxy, Mag: 9.5, Dist: 0.000°"
M90,PGC 4552,Messier | PGC,Galaxie spirale,type_magnitude_match,"Type: Galaxy, Mag: 9.5, Dist: 0.787°"
M90,PGC 4569,Messier | PGC,Galaxie spirale,type_magnitude_match,"Type: Galaxy, Mag: 9.5, Dist: 0.000°"
UGC 4900,PGC 4382,UGC | PGC,NGC 4382,type_magnitude_match,"Type: Galaxy, Mag: 9.2, Dist: 0.000°"
UGC 5300,PGC 4501,UGC | PGC,NGC 4501,type_magnitude_match,"Type: Galaxy, Mag: 9.6, Dist: 0.000°"
UGC 5400,PGC 4569,UGC | PGC,NGC 4552,type_magnitude_match,"Type: Galaxy, Mag: 9.8, Dist: 0.787°"
UGC 5400,PGC 4579,UGC | PGC,NGC 4552,type_magnitude_match,"Type: Galaxy, Mag: 9.8, Dist: 0.882°"
UGC 5500,PGC 4552,UGC | PGC,NGC 4569,type_magnitude_match,"Type: Galaxy, Mag: 9.5, Dist: 0.787°"
UGC 5500,PGC 4569,UGC | PGC,NGC 4569,type_magnitude_match,"Type: Galaxy, Mag: 9.5, Dist: 0.000°"
UGC 5600,PGC 4552,UGC | PGC,NGC 4579,type_magnitude_match,"Type: Galaxy, Mag: 9.7, Dist: 0.882°"
UGC 5600,PGC 4579,UGC | PGC,NGC 4579,type_magnitude_match,"Type: Galaxy, Mag: 9.7, Dist: 0.000°"
UGC 5800,PGC 4621,UGC | PGC,NGC 4621,type_magnitude_match,"Type: Galaxy, Mag: 9.8, Dist: 0.000°"
M64,UGC 6100,Messier | UGC,Galaxie de l'Œil Noir,type_magnitude_match,"Type: Galaxy, Mag: 8.5, Dist: 0.697°"
M64,PGC 4826,Messier | PGC,Galaxie de l'Œil Noir,type_magnitude_match,"Type: Galaxy, Mag: 8.5, Dist: 0.697°"
UGC 6100,PGC 4826,UGC | PGC,NGC 4826,type_magnitude_match,"Type: Galaxy, Mag: 8.5, Dist: 0.000°"
M65,UGC 4400,Messier | UGC,Galaxie spirale,type_magnitude_match,"Type: Galaxy, Mag: 9.3, Dist: 0.123°"
M65,PGC 3623,Messier | PGC,Galaxie spirale,type_magnitude_match,"Type: Galaxy, Mag: 9.3, Dist: 0.123°"
M65,PGC 3628,Messier | PGC,Galaxie spirale,type_magnitude_match,"Type: Galaxy, Mag: 9.3, Dist: 0.619°"
M95,UGC 4100,Messier | UGC,Galaxie spirale barrée,type_magnitude_match,"Type: Galaxy, Mag: 9.7, Dist: 0.245°"
M95,UGC 4200,Messier | UGC,Galaxie spirale barrée,type_magnitude_match,"Type: Galaxy, Mag: 9.7, Dist: 0.503°"
M95,PGC 3351,Messier | PGC,Galaxie spirale barrée,type_magnitude_match,"Type: Galaxy, Mag: 9.7, Dist: 0.245°"
M95,PGC 3368,Messier | PGC,Galaxie spirale barrée,type_magnitude_match,"Type: Galaxy, Mag: 9.7, Dist: 0.503°"
M96,UGC 4100,Messier | UGC,Galaxie spirale,type_magnitude_match,"Type: Galaxy, Mag: 9.2, Dist: 0.743°"
M96,UGC 4200,Messier | UGC,Galaxie spirale,type_magnitude_match,"Type: Galaxy, Mag: 9.2, Dist: 0.000°"
M96,UGC 4300,Messier | UGC,Galaxie spirale,type_magnitude_match,"Type: Galaxy, Mag: 9.2, Dist: 0.767°"
M96,PGC 3351,Messier | PGC,Galaxie spirale,type_magnitude_match,"Type: Galaxy, Mag: 9.2, Dist: 0.743°"
M96,PGC 3368,Messier | PGC,Galaxie spirale,type_magnitude_match,"Type: Galaxy, Mag: 9.2, Dist: 0.000°"
M96,PGC 3379,Messier | PGC,Galaxie spirale,type_magnitude_match,"Type: Galaxy, Mag: 9.2, Dist: 0.767°"
M105,UGC 4200,Messier | UGC,Galaxie elliptique,type_magnitude_match,"Type: Galaxy, Mag: 9.3, Dist: 0.788°"
M105,UGC 4300,Messier | UGC,Galaxie elliptique,type_magnitude_match,"Type: Galaxy, Mag: 9.3, Dist: 0.183°"
M105,PGC 3368,Messier | PGC,Galaxie elliptique,type_magnitude_match,"Type: Galaxy, Mag: 9.3, Dist: 0.788°"
M105,PGC 3379,Messier | PGC,Galaxie elliptique,type_magnitude_match,"Type: Galaxy, Mag: 9.3, Dist: 0.183°"
UGC 4100,PGC 3351,UGC | PGC,NGC 3351,type_magnitude_match,"Type: Galaxy, Mag: 9.7, Dist: 0.000°"
UGC 4100,PGC 3368,UGC | PGC,NGC 3351,type_magnitude_match,"Type: Galaxy, Mag: 9.7, Dist: 0.743°"
UGC 4200,PGC 3351,UGC | PGC,NGC 3368,type_magnitude_match,"Type: Galaxy, Mag: 9.2, Dist: 0.743°"
UGC 4200,PGC 3368,UGC | PGC,NGC 3368,type_magnitude_match,"Type: Galaxy, Mag: 9.2, Dist: 0.000°"
UGC 4200,PGC 3379,UGC | PGC,NGC 3368,type_magnitude_match,"Type: Galaxy, Mag: 9.2, Dist: 0.767°"
UGC 4300,PGC 3368,UGC | PGC,NGC 3379,type_magnitude_match,"Type: Galaxy, Mag: 9.3, Dist: 0.767°"
UGC 4300,PGC 3379,UGC | PGC,NGC 3379,type_magnitude_match,"Type: Galaxy, Mag: 9.3, Dist: 0.000°"
UGC 4400,PGC 3623,UGC | PGC,NGC 3623,type_magnitude_match,"Type: Galaxy, Mag: 9.3, Dist: 0.000°"
UGC 4400,PGC 3628,UGC | PGC,NGC 3623,type_magnitude_match,"Type: Galaxy, Mag: 9.3, Dist: 0.556°"
M66,UGC 4500,Messier | UGC,Galaxie spirale,type_magnitude_match,"Type: Galaxy, Mag: 8.9, Dist: 0.000°"
M66,PGC 3627,Messier | PGC,Galaxie spirale,type_magnitude_match,"Type: Galaxy, Mag: 8.9, Dist: 0.000°"
UGC 4500,PGC 3627,UGC | PGC,NGC 3627,type_magnitude_match,"Type: Galaxy, Mag: 8.9, Dist: 0.000°"
M74,UGC 400,Messier | UGC,Galaxie spirale,type_magnitude_match,"Type: Galaxy, Mag: 9.4, Dist: 0.121°"
M74,PGC 628,Messier | PGC,Galaxie spirale,type_magnitude_match,"Type: Galaxy, Mag: 9.4, Dist: 0.121°"
UGC 400,PGC 628,UGC | PGC,NGC 628,type_magnitude_match,"Type: Galaxy, Mag: 9.4, Dist: 0.000°"
M77,UGC 800,Messier | UGC,Galaxie spirale,type_magnitude_match,"Type: Galaxy, Mag: 8.9, Dist: 0.126°"
M77,PGC 1068,Messier | PGC,Galaxie spirale,type_magnitude_match,"Type: Galaxy, Mag: 8.9, Dist: 0.126°"
UGC 800,PGC 1068,UGC | PGC,NGC 1068,type_magnitude_match,"Type: Galaxy, Mag: 8.9, Dist: 0.000°"
M81,UGC 3700,Messier | UGC,Galaxie de Bode,type_magnitude_match,"Type: Galaxy, Mag: 6.9, Dist: 0.044°"
M81,PGC 3031,Messier | PGC,Galaxie de Bode,type_magnitude_match,"Type: Galaxy, Mag: 6.9, Dist: 0.044°"
UGC 3700,PGC 3031,UGC | PGC,NGC 3031,type_magnitude_match,"Type: Galaxy, Mag: 6.9, Dist: 0.000°"
M82,UGC 3800,Messier | UGC,Galaxie du Cigare,type_magnitude_match,"Type: Galaxy, Mag: 8.4, Dist: 0.043°"
M82,PGC 3034,Messier | PGC,Galaxie du Cigare,type_magnitude_match,"Type: Galaxy, Mag: 8.4, Dist: 0.043°"
UGC 3800,PGC 3034,UGC | PGC,NGC 3034,type_magnitude_match,"Type: Galaxy, Mag: 8.4, Dist: 0.000°"
M83,UGC 6500,Messier | UGC,Galaxie du Moulinet austral,type_magnitude_match,"Type: Galaxy, Mag: 7.6, Dist: 0.163°"
M83,PGC 5236,Messier | PGC,Galaxie du Moulinet austral,type_magnitude_match,"Type: Galaxy, Mag: 7.6, Dist: 0.163°"
UGC 6500,PGC 5236,UGC | PGC,NGC 5236,type_magnitude_match,"Type: Galaxy, Mag: 7.6, Dist: 0.000°"
M101,UGC 6700,Messier | UGC,Galaxie du Moulinet,type_magnitude_match,"Type: Galaxy, Mag: 7.9, Dist: 0.037°"
M101,PGC 5457,Messier | PGC,Galaxie du Moulinet,type_magnitude_match,"Type: Galaxy, Mag: 7.9, Dist: 0.037°"
UGC 6700,PGC 5457,UGC | PGC,NGC 5457,type_magnitude_match,"Type: Galaxy, Mag: 7.9, Dist: 0.000°"
M102,UGC 6800,Messier | UGC,Galaxie du Fuseau,type_magnitude_match,"Type: Galaxy, Mag: 9.9, Dist: 0.072°"
M102,PGC 5866,Messier | PGC,Galaxie du Fuseau,type_magnitude_match,"Type: Galaxy, Mag: 9.9, Dist: 0.072°"
UGC 6800,PGC 5866,UGC | PGC,NGC 5866,type_magnitude_match,"Type: Galaxy, Mag: 9.9, Dist: 0.000°"
UGC 4000,PGC 3198,UGC | PGC,NGC 3198,type_magnitude_match,"Type: Galaxy, Mag: 10.3, Dist: 0.000°"
M109,UGC 4600,Messier | UGC,Galaxie spirale barrée,type_magnitude_match,"Type: Galaxy, Mag: 9.8, Dist: 0.075°"
M109,PGC 3992,Messier | PGC,Galaxie spirale barrée,type_magnitude_match,"Type: Galaxy, Mag: 9.8, Dist: 0.075°"
UGC 4600,PGC 3992,UGC | PGC,NGC 3992,type_magnitude_match,"Type: Galaxy, Mag: 9.8, Dist: 0.000°"
C7,PGC 2403,Caldwell | PGC,Galaxie spirale,type_magnitude_match,"Type: Galaxy, Mag: 8.9, Dist: 0.017°"
C17,Sh2-49,Caldwell | Sharpless,Nébuleuse de la Rosette,type_magnitude_match,"Type: Emission Nebula, Mag: 9.0, Dist: 0.000°"
C17,Sh2-243,Caldwell | Sharpless,Nébuleuse de la Rosette,type_magnitude_match,"Type: Emission Nebula, Mag: 9.0, Dist: 0.000°"
C17,Sh2-252,Caldwell | Sharpless,Nébuleuse de la Rosette,type_magnitude_match,"Type: Emission Nebula, Mag: 9.0, Dist: 0.000°"
C49,Sh2-49,Caldwell | Sharpless,Nébuleuse de la Rosette,type_magnitude_match,"Type: Emission Nebula, Mag: 9.0, Dist: 0.000°"
C49,Sh2-243,Caldwell | Sharpless,Nébuleuse de la Rosette,type_magnitude_match,"Type: Emission Nebula, Mag: 9.0, Dist: 0.000°"
C49,Sh2-252,Caldwell | Sharpless,Nébuleuse de la Rosette,type_magnitude_match,"Type: Emission Nebula, Mag: 9.0, Dist: 0.000°"
C21,PGC 4449,Caldwell | PGC,Galaxie irrégulière,type_magnitude_match,"Type: Galaxy, Mag: 9.6, Dist: 0.044°"
C52,UGC 185,Caldwell | UGC,Galaxie spirale,type_magnitude_match,"Type: Galaxy, Mag: 7.6, Dist: 0.056°"
C52,PGC 253,Caldwell | PGC,Galaxie spirale,type_magnitude_match,"Type: Galaxy, Mag: 7.6, Dist: 0.056°"
UGC 35,PGC 55,UGC | PGC,NGC 55,type_magnitude_match,"Type: Galaxy, Mag: 7.9, Dist: 0.000°"
UGC 185,PGC 253,UGC | PGC,NGC 253,type_magnitude_match,"Type: Galaxy, Mag: 7.6, Dist: 0.000°"
UGC 80,PGC 134,UGC | PGC,NGC 134,type_magnitude_match,"Type: Galaxy, Mag: 10.4, Dist: 0.000°"
UGC 1300,PGC 1404,UGC | PGC,NGC 1404,type_magnitude_match,"Type: Galaxy, Mag: 9.8, Dist: 0.000°"
UGC 1600,PGC 1532,UGC | PGC,NGC 1532,type_magnitude_match,"Type: Galaxy, Mag: 9.9, Dist: 0.000°"
C77,PGC 5128,Caldwell | PGC,Galaxie du Centaure A,type_magnitude_match,"Type: Galaxy, Mag: 6.8, Dist: 0.091°"
C80,PGC 5128,Caldwell | PGC,Galaxie du Centaure A,type_magnitude_match,"Type: Galaxy, Mag: 6.8, Dist: 0.091°"
UGC 15,PGC 23,UGC | PGC,NGC 23,type_magnitude_match,"Type: Galaxy, Mag: 12.0, Dist: 0.000°"
UGC 90,PGC 147,UGC | PGC,NGC 147,type_magnitude_match,"Type: Galaxy, Mag: 9.3, Dist: 0.000°"
UGC 130,PGC 185,UGC | PGC,NGC 185,type_magnitude_match,"Type: Galaxy, Mag: 9.2, Dist: 0.000°"
UGC 180,PGC 247,UGC | PGC,NGC 247,type_magnitude_match,"Type: Galaxy, Mag: 9.1, Dist: 0.000°"
UGC 300,PGC 488,UGC | PGC,NGC 488,type_magnitude_match,"Type: Galaxy, Mag: 10.3, Dist: 0.000°"
UGC 500,PGC 772,UGC | PGC,NGC 772,type_magnitude_match,"Type: Galaxy, Mag: 10.3, Dist: 0.000°"
UGC 600,PGC 891,UGC | PGC,NGC 891,type_magnitude_match,"Type: Galaxy, Mag: 9.9, Dist: 0.000°"
UGC 700,PGC 1023,UGC | PGC,NGC 1023,type_magnitude_match,"Type: Galaxy, Mag: 9.3, Dist: 0.000°"
UGC 900,PGC 1300,UGC | PGC,NGC 1300,type_magnitude_match,"Type: Galaxy, Mag: 10.4, Dist: 0.000°"
UGC 1800,PGC 1637,UGC | PGC,NGC 1637,type_magnitude_match,"Type: Galaxy, Mag: 10.9, Dist: 0.000°"
UGC 1000,PGC 1316,UGC | PGC,NGC 1316,type_magnitude_match,"Type: Galaxy, Mag: 8.2, Dist: 0.000°"
UGC 1100,PGC 1365,UGC | PGC,NGC 1365,type_magnitude_match,"Type: Galaxy, Mag: 9.6, Dist: 0.000°"
UGC 1200,PGC 1399,UGC | PGC,NGC 1399,type_magnitude_match,"Type: Galaxy, Mag: 9.6, Dist: 0.000°"
UGC 1400,PGC 1433,UGC | PGC,NGC 1433,type_magnitude_match,"Type: Galaxy, Mag: 9.8, Dist: 0.000°"
UGC 1700,PGC 1566,UGC | PGC,NGC 1566,type_magnitude_match,"Type: Galaxy, Mag: 9.4, Dist: 0.000°"
UGC 2100,PGC 1700,UGC | PGC,NGC 1700,type_magnitude_match,"Type: Galaxy, Mag: 11.1, Dist: 0.000°"
UGC 2200,PGC 1808,UGC | PGC,NGC 1808,type_magnitude_match,"Type: Galaxy, Mag: 9.9, Dist: 0.000°"
UGC 3900,PGC 3115,UGC | PGC,NGC 3115,type_magnitude_match,"Type: Galaxy, Mag: 8.9, Dist: 0.000°"
M1,UGC 2600,Messier | UGC,Région de Taurus,constellation_proximity,"Constellation: Taurus, Distance: 0.000°"
M45,C45,Messier | Caldwell,Région de Taurus,constellation_proximity,"Constellation: Taurus, Distance: 0.000°"
M2,UGC 8400,Messier | UGC,Région de Aquarius,constellation_proximity,"Constellation: Aquarius, Distance: 0.037°"
M3,UGC 6600,Messier | UGC,Région de Canes Venatici,constellation_proximity,"Constellation: Canes Venatici, Distance: 0.013°"
M51,UGC 6400,Messier | UGC,Région de Canes Venatici,constellation_proximity,"Constellation: Canes Venatici, Distance: 0.001°"
M51,PGC 5194,Messier | PGC,Région de Canes Venatici,constellation_proximity,"Constellation: Canes Venatici, Distance: 0.001°"
M51,PGC 51522,Messier | PGC,Région de Canes Venatici,constellation_proximity,"Constellation: Canes Venatici, Distance: 0.001°"
M63,UGC 6300,Messier | UGC,Région de Canes Venatici,constellation_proximity,"Constellation: Canes Venatici, Distance: 0.047°"
M63,PGC 5055,Messier | PGC,Région de Canes Venatici,constellation_proximity,"Constellation: Canes Venatici, Distance: 0.047°"
M94,UGC 6000,Messier | UGC,Région de Canes Venatici,constellation_proximity,"Constellation: Canes Venatici, Distance: 0.141°"
M94,PGC 4736,Messier | PGC,Région de Canes Venatici,constellation_proximity,"Constellation: Canes Venatici, Distance: 0.141°"
M106,UGC 4700,Messier | UGC,Région de Canes Venatici,constellation_proximity,"Constellation: Canes Venatici, Distance: 0.000°"
M106,PGC 4258,Messier | PGC,Région de Canes Venatici,constellation_proximity,"Constellation: Canes Venatici, Distance: 0.000°"
C21,PGC 4449,Caldwell | PGC,Région de Canes Venatici,constellation_proximity,"Constellation: Canes Venatici, Distance: 0.044°"
UGC 4700,PGC 4258,UGC | PGC,Région de Canes Venatici,constellation_proximity,"Constellation: Canes Venatici, Distance: 0.000°"
UGC 6000,PGC 4736,UGC | PGC,Région de Canes Venatici,constellation_proximity,"Constellation: Canes Venatici, Distance: 0.000°"
UGC 6300,PGC 5055,UGC | PGC,Région de Canes Venatici,constellation_proximity,"Constellation: Canes Venatici, Distance: 0.000°"
UGC 6400,PGC 5194,UGC | PGC,Région de Canes Venatici,constellation_proximity,"Constellation: Canes Venatici, Distance: 0.000°"
UGC 6400,PGC 51522,UGC | PGC,Région de Canes Venatici,constellation_proximity,"Constellation: Canes Venatici, Distance: 0.000°"
M16,C50,Messier | Caldwell,Région de Serpens,constellation_proximity,"Constellation: Serpens, Distance: 0.000°"
M16,C60,Messier | Caldwell,Région de Serpens,constellation_proximity,"Constellation: Serpens, Distance: 0.000°"
M8,C8,Messier | Caldwell,Région de Sagittarius,constellation_proximity,"Constellation: Sagittarius, Distance: 0.000°"
M8,C58,Messier | Caldwell,Région de Sagittarius,constellation_proximity,"Constellation: Sagittarius, Distance: 0.000°"
M8,Sh2-8,Messier | Sharpless,Région de Sagittarius,constellation_proximity,"Constellation: Sagittarius, Distance: 0.068°"
M8,UGC 7300,Messier | UGC,Région de Sagittarius,constellation_proximity,"Constellation: Sagittarius, Distance: 0.068°"
M17,C61,Messier | Caldwell,Région de Sagittarius,constellation_proximity,"Constellation: Sagittarius, Distance: 0.000°"
M17,Sh2-17,Messier | Sharpless,Région de Sagittarius,constellation_proximity,"Constellation: Sagittarius, Distance: 0.059°"
M17,UGC 7500,Messier | UGC,Région de Sagittarius,constellation_proximity,"Constellation: Sagittarius, Distance: 0.059°"
M22,UGC 7600,Messier | UGC,Région de Sagittarius,constellation_proximity,"Constellation: Sagittarius, Distance: 0.115°"
C8,Sh2-8,Caldwell | Sharpless,Région de Sagittarius,constellation_proximity,"Constellation: Sagittarius, Distance: 0.068°"
C8,UGC 7300,Caldwell | UGC,Région de Sagittarius,constellation_proximity,"Constellation: Sagittarius, Distance: 0.068°"
C58,Sh2-8,Caldwell | Sharpless,Région de Sagittarius,constellation_proximity,"Constellation: Sagittarius, Distance: 0.068°"
C58,UGC 7300,Caldwell | UGC,Région de Sagittarius,constellation_proximity,"Constellation: Sagittarius, Distance: 0.068°"
C61,Sh2-17,Caldwell | Sharpless,Région de Sagittarius,constellation_proximity,"Constellation: Sagittarius, Distance: 0.059°"
C61,UGC 7500,Caldwell | UGC,Région de Sagittarius,constellation_proximity,"Constellation: Sagittarius, Distance: 0.059°"
Sh2-8,UGC 7300,Sharpless | UGC,Région de Sagittarius,constellation_proximity,"Constellation: Sagittarius, Distance: 0.000°"
Sh2-17,UGC 7500,Sharpless | UGC,Région de Sagittarius,constellation_proximity,"Constellation: Sagittarius, Distance: 0.000°"
M14,UGC 7100,Messier | UGC,Région de Ophiuchus,constellation_proximity,"Constellation: Ophiuchus, Distance: 0.013°"
M13,UGC 6900,Messier | UGC,Région de Hercules,constellation_proximity,"Constellation: Hercules, Distance: 0.010°"
M92,UGC 7000,Messier | UGC,Région de Hercules,constellation_proximity,"Constellation: Hercules, Distance: 0.000°"
M15,UGC 8000,Messier | UGC,Région de Pegasus,constellation_proximity,"Constellation: Pegasus, Distance: 0.000°"
M27,Sh2-27,Messier | Sharpless,Région de Vulpecula,constellation_proximity,"Constellation: Vulpecula, Distance: 0.005°"
M27,UGC 7800,Messier | UGC,Région de Vulpecula,constellation_proximity,"Constellation: Vulpecula, Distance: 0.005°"
Sh2-27,UGC 7800,Sharpless | UGC,Région de Vulpecula,constellation_proximity,"Constellation: Vulpecula, Distance: 0.000°"
M30,UGC 8200,Messier | UGC,Région de Capricornus,constellation_proximity,"Constellation: Capricornus, Distance: 0.057°"
M31,C31,Messier | Caldwell,Région de Andromeda,constellation_proximity,"Constellation: Andromeda, Distance: 0.000°"
M31,UGC 165,Messier | UGC,Région de Andromeda,constellation_proximity,"Constellation: Andromeda, Distance: 0.404°"
M31,UGC 170,Messier | UGC,Région de Andromeda,constellation_proximity,"Constellation: Andromeda, Distance: 0.001°"
M31,PGC 221,Messier | PGC,Région de Andromeda,constellation_proximity,"Constellation: Andromeda, Distance: 0.404°"
M31,PGC 224,Messier | PGC,Région de Andromeda,constellation_proximity,"Constellation: Andromeda, Distance: 0.001°"
M32,C31,Messier | Caldwell,Région de Andromeda,constellation_proximity,"Constellation: Andromeda, Distance: 0.405°"
M32,UGC 165,Messier | UGC,Région de Andromeda,constellation_proximity,"Constellation: Andromeda, Distance: 0.048°"
M32,UGC 170,Messier | UGC,Région de Andromeda,constellation_proximity,"Constellation: Andromeda, Distance: 0.404°"
M32,PGC 221,Messier | PGC,Région de Andromeda,constellation_proximity,"Constellation: Andromeda, Distance: 0.048°"
M32,PGC 224,Messier | PGC,Région de Andromeda,constellation_proximity,"Constellation: Andromeda, Distance: 0.404°"
M110,UGC 150,Messier | UGC,Région de Andromeda,constellation_proximity,"Constellation: Andromeda, Distance: 0.000°"
M110,PGC 205,Messier | PGC,Région de Andromeda,constellation_proximity,"Constellation: Andromeda, Distance: 0.000°"
C23,UGC 600,Caldwell | UGC,Région de Andromeda,constellation_proximity,"Constellation: Andromeda, Distance: 0.092°"
C23,PGC 891,Caldwell | PGC,Région de Andromeda,constellation_proximity,"Constellation: Andromeda, Distance: 0.092°"
C31,UGC 165,Caldwell | UGC,Région de Andromeda,constellation_proximity,"Constellation: Andromeda, Distance: 0.404°"
C31,UGC 170,Caldwell | UGC,Région de Andromeda,constellation_proximity,"Constellation: Andromeda, Distance: 0.001°"
C31,PGC 221,Caldwell | PGC,Région de Andromeda,constellation_proximity,"Constellation: Andromeda, Distance: 0.404°"
C31,PGC 224,Caldwell | PGC,Région de Andromeda,constellation_proximity,"Constellation: Andromeda, Distance: 0.001°"
UGC 150,PGC 205,UGC | PGC,Région de Andromeda,constellation_proximity,"Constellation: Andromeda, Distance: 0.000°"
UGC 165,PGC 221,UGC | PGC,Région de Andromeda,constellation_proximity,"Constellation: Andromeda, Distance: 0.000°"
UGC 165,PGC 224,UGC | PGC,Région de Andromeda,constellation_proximity,"Constellation: Andromeda, Distance: 0.403°"
UGC 170,PGC 221,UGC | PGC,Région de Andromeda,constellation_proximity,"Constellation: Andromeda, Distance: 0.403°"
UGC 170,PGC 224,UGC | PGC,Région de Andromeda,constellation_proximity,"Constellation: Andromeda, Distance: 0.000°"
UGC 600,PGC 891,UGC | PGC,Région de Andromeda,constellation_proximity,"Constellation: Andromeda, Distance: 0.000°"
M33,C33,Messier | Caldwell,Région de Triangulum,constellation_proximity,"Constellation: Triangulum, Distance: 0.000°"
M33,PGC 598,Messier | PGC,Région de Triangulum,constellation_proximity,"Constellation: Triangulum, Distance: 0.108°"
C33,PGC 598,Caldwell | PGC,Région de Triangulum,constellation_proximity,"Constellation: Triangulum, Distance: 0.108°"
UGC 700,PGC 1023,UGC | PGC,Région de Perseus,constellation_proximity,"Constellation: Perseus, Distance: 0.000°"
M36,C37,Messier | Caldwell,Région de Auriga,constellation_proximity,"Constellation: Auriga, Distance: 0.000°"
M81,UGC 3700,Messier | UGC,Région de Ursa Major,constellation_proximity,"Constellation: Ursa Major, Distance: 0.044°"
M81,PGC 3031,Messier | PGC,Région de Ursa Major,constellation_proximity,"Constellation: Ursa Major, Distance: 0.044°"
M82,UGC 3800,Messier | UGC,Région de Ursa Major,constellation_proximity,"Constellation: Ursa Major, Distance: 0.043°"
M82,PGC 3034,Messier | PGC,Région de Ursa Major,constellation_proximity,"Constellation: Ursa Major, Distance: 0.043°"
M101,UGC 6700,Messier | UGC,Région de Ursa Major,constellation_proximity,"Constellation: Ursa Major, Distance: 0.037°"
M101,PGC 5457,Messier | PGC,Région de Ursa Major,constellation_proximity,"Constellation: Ursa Major, Distance: 0.037°"
M109,UGC 4600,Messier | UGC,Région de Ursa Major,constellation_proximity,"Constellation: Ursa Major, Distance: 0.075°"
M109,PGC 3992,Messier | PGC,Région de Ursa Major,constellation_proximity,"Constellation: Ursa Major, Distance: 0.075°"
UGC 3700,PGC 3031,UGC | PGC,Région de Ursa Major,constellation_proximity,"Constellation: Ursa Major, Distance: 0.000°"
UGC 3800,PGC 3034,UGC | PGC,Région de Ursa Major,constellation_proximity,"Constellation: Ursa Major, Distance: 0.000°"
UGC 4000,PGC 3198,UGC | PGC,Région de Ursa Major,constellation_proximity,"Constellation: Ursa Major, Distance: 0.000°"
UGC 4600,PGC 3992,UGC | PGC,Région de Ursa Major,constellation_proximity,"Constellation: Ursa Major, Distance: 0.000°"
UGC 6700,PGC 5457,UGC | PGC,Région de Ursa Major,constellation_proximity,"Constellation: Ursa Major, Distance: 0.000°"
M42,C42,Messier | Caldwell,Région de Orion,constellation_proximity,"Constellation: Orion, Distance: 0.000°"
M42,Sh2-51,Messier | Sharpless,Région de Orion,constellation_proximity,"Constellation: Orion, Distance: 0.006°"
M42,Sh2-224,Messier | Sharpless,Région de Orion,constellation_proximity,"Constellation: Orion, Distance: 0.126°"
M42,UGC 2700,Messier | UGC,Région de Orion,constellation_proximity,"Constellation: Orion, Distance: 0.126°"
M43,C42,Messier | Caldwell,Région de Orion,constellation_proximity,"Constellation: Orion, Distance: 0.122°"
M43,Sh2-51,Messier | Sharpless,Région de Orion,constellation_proximity,"Constellation: Orion, Distance: 0.117°"
M43,Sh2-224,Messier | Sharpless,Région de Orion,constellation_proximity,"Constellation: Orion, Distance: 0.212°"
M43,UGC 2700,Messier | UGC,Région de Orion,constellation_proximity,"Constellation: Orion, Distance: 0.212°"
C42,Sh2-51,Caldwell | Sharpless,Région de Orion,constellation_proximity,"Constellation: Orion, Distance: 0.006°"
C42,Sh2-224,Caldwell | Sharpless,Région de Orion,constellation_proximity,"Constellation: Orion, Distance: 0.126°"
C42,UGC 2700,Caldwell | UGC,Région de Orion,constellation_proximity,"Constellation: Orion, Distance: 0.126°"
Sh2-51,UGC 2700,Sharpless | UGC,Région de Orion,constellation_proximity,"Constellation: Orion, Distance: 0.125°"
Sh2-224,UGC 2700,Sharpless | UGC,Région de Orion,constellation_proximity,"Constellation: Orion, Distance: 0.000°"
M83,UGC 6500,Messier | UGC,Région de Hydra,constellation_proximity,"Constellation: Hydra, Distance: 0.163°"
M83,PGC 5236,Messier | PGC,Région de Hydra,constellation_proximity,"Constellation: Hydra, Distance: 0.163°"
UGC 6500,PGC 5236,UGC | PGC,Région de Hydra,constellation_proximity,"Constellation: Hydra, Distance: 0.000°"
M58,UGC 5600,Messier | UGC,Région de Virgo,constellation_proximity,"Constellation: Virgo, Distance: 0.184°"
M58,PGC 4579,Messier | PGC,Région de Virgo,constellation_proximity,"Constellation: Virgo, Distance: 0.184°"
M59,UGC 5800,Messier | UGC,Région de Virgo,constellation_proximity,"Constellation: Virgo, Distance: 0.000°"
M59,UGC 5900,Messier | UGC,Région de Virgo,constellation_proximity,"Constellation: Virgo, Distance: 0.499°"
M59,PGC 4621,Messier | PGC,Région de Virgo,constellation_proximity,"Constellation: Virgo, Distance: 0.000°"
M59,PGC 4649,Messier | PGC,Région de Virgo,constellation_proximity,"Constellation: Virgo, Distance: 0.499°"
M60,UGC 5800,Messier | UGC,Région de Virgo,constellation_proximity,"Constellation: Virgo, Distance: 0.441°"
M60,UGC 5900,Messier | UGC,Région de Virgo,constellation_proximity,"Constellation: Virgo, Distance: 0.060°"
M60,PGC 4621,Messier | PGC,Région de Virgo,constellation_proximity,"Constellation: Virgo, Distance: 0.441°"
M60,PGC 4649,Messier | PGC,Région de Virgo,constellation_proximity,"Constellation: Virgo, Distance: 0.060°"
M84,UGC 4800,Messier | UGC,Région de Virgo,constellation_proximity,"Constellation: Virgo, Distance: 0.060°"
M84,UGC 5000,Messier | UGC,Région de Virgo,constellation_proximity,"Constellation: Virgo, Distance: 0.195°"
M84,PGC 4374,Messier | PGC,Région de Virgo,constellation_proximity,"Constellation: Virgo, Distance: 0.060°"
M84,PGC 4406,Messier | PGC,Région de Virgo,constellation_proximity,"Constellation: Virgo, Distance: 0.195°"
M86,UGC 4800,Messier | UGC,Région de Virgo,constellation_proximity,"Constellation: Virgo, Distance: 0.252°"
M86,UGC 5000,Messier | UGC,Région de Virgo,constellation_proximity,"Constellation: Virgo, Distance: 0.000°"
M86,PGC 4374,Messier | PGC,Région de Virgo,constellation_proximity,"Constellation: Virgo, Distance: 0.252°"
M86,PGC 4406,Messier | PGC,Région de Virgo,constellation_proximity,"Constellation: Virgo, Distance: 0.000°"
M87,UGC 5200,Messier | UGC,Région de Virgo,constellation_proximity,"Constellation: Virgo, Distance: 0.123°"
M87,PGC 4486,Messier | PGC,Région de Virgo,constellation_proximity,"Constellation: Virgo, Distance: 0.123°"
M89,UGC 5400,Messier | UGC,Région de Virgo,constellation_proximity,"Constellation: Virgo, Distance: 0.123°"
M89,PGC 4552,Messier | PGC,Région de Virgo,constellation_proximity,"Constellation: Virgo, Distance: 0.123°"
M90,UGC 5500,Messier | UGC,Région de Virgo,constellation_proximity,"Constellation: Virgo, Distance: 0.000°"
M90,PGC 4569,Messier | PGC,Région de Virgo,constellation_proximity,"Constellation: Virgo, Distance: 0.000°"
M104,UGC 5700,Messier | UGC,Région de Virgo,constellation_proximity,"Constellation: Virgo, Distance: 0.000°"
M104,PGC 4594,Messier | PGC,Région de Virgo,constellation_proximity,"Constellation: Virgo, Distance: 0.000°"
UGC 4800,PGC 4406,UGC | PGC,Région de Virgo,constellation_proximity,"Constellation: Virgo, Distance: 0.252°"
UGC 4900,PGC 4382,UGC | PGC,Région de Virgo,constellation_proximity,"Constellation: Virgo, Distance: 0.000°"
UGC 5000,PGC 4374,UGC | PGC,Région de Virgo,constellation_proximity,"Constellation: Virgo, Distance: 0.252°"
UGC 5000,PGC 4406,UGC | PGC,Région de Virgo,constellation_proximity,"Constellation: Virgo, Distance: 0.000°"
UGC 5200,PGC 4486,UGC | PGC,Région de Virgo,constellation_proximity,"Constellation: Virgo, Distance: 0.000°"
UGC 5300,PGC 4501,UGC | PGC,Région de Virgo,constellation_proximity,"Constellation: Virgo, Distance: 0.000°"
UGC 5500,PGC 4569,UGC | PGC,Région de Virgo,constellation_proximity,"Constellation: Virgo, Distance: 0.000°"
UGC 5600,PGC 4579,UGC | PGC,Région de Virgo,constellation_proximity,"Constellation: Virgo, Distance: 0.000°"
UGC 5700,PGC 4594,UGC | PGC,Région de Virgo,constellation_proximity,"Constellation: Virgo, Distance: 0.000°"
UGC 5800,PGC 4621,UGC | PGC,Région de Virgo,constellation_proximity,"Constellation: Virgo, Distance: 0.000°"
UGC 5800,PGC 4649,UGC | PGC,Région de Virgo,constellation_proximity,"Constellation: Virgo, Distance: 0.499°"
UGC 5900,PGC 4621,UGC | PGC,Région de Virgo,constellation_proximity,"Constellation: Virgo, Distance: 0.499°"
UGC 5900,PGC 4649,UGC | PGC,Région de Virgo,constellation_proximity,"Constellation: Virgo, Distance: 0.000°"
C17,Sh2-49,Caldwell | Sharpless,Région de Monoceros,constellation_proximity,"Constellation: Monoceros, Distance: 0.000°"
C17,Sh2-243,Caldwell | Sharpless,Région de Monoceros,constellation_proximity,"Constellation: Monoceros, Distance: 0.000°"
C17,Sh2-252,Caldwell | Sharpless,Région de Monoceros,constellation_proximity,"Constellation: Monoceros, Distance: 0.000°"
C49,Sh2-49,Caldwell | Sharpless,Région de Monoceros,constellation_proximity,"Constellation: Monoceros, Distance: 0.000°"
C49,Sh2-243,Caldwell | Sharpless,Région de Monoceros,constellation_proximity,"Constellation: Monoceros, Distance: 0.000°"
C49,Sh2-252,Caldwell | Sharpless,Région de Monoceros,constellation_proximity,"Constellation: Monoceros, Distance: 0.000°"
UGC 90,PGC 147,UGC | PGC,Région de Cassiopeia,constellation_proximity,"Constellation: Cassiopeia, Distance: 0.000°"
UGC 130,PGC 185,UGC | PGC,Région de Cassiopeia,constellation_proximity,"Constellation: Cassiopeia, Distance: 0.000°"
M53,UGC 6200,Messier | UGC,Région de Coma Berenices,constellation_proximity,"Constellation: Coma Berenices, Distance: 0.000°"
UGC 6100,PGC 4826,UGC | PGC,Région de Coma Berenices,constellation_proximity,"Constellation: Coma Berenices, Distance: 0.000°"
M57,UGC 7700,Messier | UGC,Région de Lyra,constellation_proximity,"Constellation: Lyra, Distance: 0.000°"
M65,UGC 4400,Messier | UGC,Région de Leo,constellation_proximity,"Constellation: Leo, Distance: 0.123°"
M65,UGC 4500,Messier | UGC,Région de Leo,constellation_proximity,"Constellation: Leo, Distance: 0.379°"
M65,PGC 3623,Messier | PGC,Région de Leo,constellation_proximity,"Constellation: Leo, Distance: 0.123°"
M65,PGC 3627,Messier | PGC,Région de Leo,constellation_proximity,"Constellation: Leo, Distance: 0.379°"
M66,UGC 4400,Messier | UGC,Région de Leo,constellation_proximity,"Constellation: Leo, Distance: 0.262°"
M66,UGC 4500,Messier | UGC,Région de Leo,constellation_proximity,"Constellation: Leo, Distance: 0.000°"
M66,PGC 3623,Messier | PGC,Région de Leo,constellation_proximity,"Constellation: Leo, Distance: 0.262°"
M66,PGC 3627,Messier | PGC,Région de Leo,constellation_proximity,"Constellation: Leo, Distance: 0.000°"
M95,UGC 4100,Messier | UGC,Région de Leo,constellation_proximity,"Constellation: Leo, Distance: 0.245°"
M95,PGC 3351,Messier | PGC,Région de Leo,constellation_proximity,"Constellation: Leo, Distance: 0.245°"
M96,UGC 4200,Messier | UGC,Région de Leo,constellation_proximity,"Constellation: Leo, Distance: 0.000°"
M96,PGC 3368,Messier | PGC,Région de Leo,constellation_proximity,"Constellation: Leo, Distance: 0.000°"
M105,UGC 4300,Messier | UGC,Région de Leo,constellation_proximity,"Constellation: Leo, Distance: 0.183°"
M105,PGC 3379,Messier | PGC,Région de Leo,constellation_proximity,"Constellation: Leo, Distance: 0.183°"
UGC 4100,PGC 3351,UGC | PGC,Région de Leo,constellation_proximity,"Constellation: Leo, Distance: 0.000°"
UGC 4200,PGC 3368,UGC | PGC,Région de Leo,constellation_proximity,"Constellation: Leo, Distance: 0.000°"
UGC 4300,PGC 3379,UGC | PGC,Région de Leo,constellation_proximity,"Constellation: Leo, Distance: 0.000°"
UGC 4400,PGC 3623,UGC | PGC,Région de Leo,constellation_proximity,"Constellation: Leo, Distance: 0.000°"
UGC 4400,PGC 3627,UGC | PGC,Région de Leo,constellation_proximity,"Constellation: Leo, Distance: 0.262°"
UGC 4500,PGC 3623,UGC | PGC,Région de Leo,constellation_proximity,"Constellation: Leo, Distance: 0.262°"
UGC 4500,PGC 3627,UGC | PGC,Région de Leo,constellation_proximity,"Constellation: Leo, Distance: 0.000°"
M74,UGC 400,Messier | UGC,Région de Pisces,constellation_proximity,"Constellation: Pisces, Distance: 0.121°"
M74,PGC 628,Messier | PGC,Région de Pisces,constellation_proximity,"Constellation: Pisces, Distance: 0.121°"
UGC 300,PGC 488,UGC | PGC,Région de Pisces,constellation_proximity,"Constellation: Pisces, Distance: 0.000°"
UGC 400,PGC 628,UGC | PGC,Région de Pisces,constellation_proximity,"Constellation: Pisces, Distance: 0.000°"
M77,UGC 800,Messier | UGC,Région de Cetus,constellation_proximity,"Constellation: Cetus, Distance: 0.126°"
M77,PGC 1068,Messier | PGC,Région de Cetus,constellation_proximity,"Constellation: Cetus, Distance: 0.126°"
UGC 180,PGC 247,UGC | PGC,Région de Cetus,constellation_proximity,"Constellation: Cetus, Distance: 0.000°"
UGC 800,PGC 1068,UGC | PGC,Région de Cetus,constellation_proximity,"Constellation: Cetus, Distance: 0.000°"
M79,UGC 2500,Messier | UGC,Région de Lepus,constellation_proximity,"Constellation: Lepus, Distance: 0.116°"
M102,UGC 6800,Messier | UGC,Région de Draco,constellation_proximity,"Constellation: Draco, Distance: 0.072°"
M102,PGC 5866,Messier | PGC,Région de Draco,constellation_proximity,"Constellation: Draco, Distance: 0.072°"
UGC 6800,PGC 5866,UGC | PGC,Région de Draco,constellation_proximity,"Constellation: Draco, Distance: 0.000°"
C7,PGC 2403,Caldwell | PGC,Région de Camelopardalis,constellation_proximity,"Constellation: Camelopardalis, Distance: 0.017°"
UGC 900,PGC 1300,UGC | PGC,Région de Eridanus,constellation_proximity,"Constellation: Eridanus, Distance: 0.000°"
UGC 1300,PGC 1404,UGC | PGC,Région de Eridanus,constellation_proximity,"Constellation: Eridanus, Distance: 0.000°"
UGC 1600,PGC 1532,UGC | PGC,Région de Eridanus,constellation_proximity,"Constellation: Eridanus, Distance: 0.000°"
UGC 1800,PGC 1637,UGC | PGC,Région de Eridanus,constellation_proximity,"Constellation: Eridanus, Distance: 0.000°"
UGC 2100,PGC 1700,UGC | PGC,Région de Eridanus,constellation_proximity,"Constellation: Eridanus, Distance: 0.000°"
C77,PGC 5128,Caldwell | PGC,Région de Centaurus,constellation_proximity,"Constellation: Centaurus, Distance: 0.091°"
C80,PGC 5128,Caldwell | PGC,Région de Centaurus,constellation_proximity,"Constellation: Centaurus, Distance: 0.091°"
C52,UGC 185,Caldwell | UGC,Région de Sculptor,constellation_proximity,"Constellation: Sculptor, Distance: 0.056°"
C52,PGC 253,Caldwell | PGC,Région de Sculptor,constellation_proximity,"Constellation: Sculptor, Distance: 0.056°"
UGC 35,PGC 55,UGC | PGC,Région de Sculptor,constellation_proximity,"Constellation: Sculptor, Distance: 0.000°"
UGC 80,PGC 134,UGC | PGC,Région de Sculptor,constellation_proximity,"Constellation: Sculptor, Distance: 0.000°"
UGC 185,PGC 253,UGC | PGC,Région de Sculptor,constellation_proximity,"Constellation: Sculptor, Distance: 0.000°"
UGC 500,PGC 772,UGC | PGC,Région de Aries,constellation_proximity,"Constellation: Aries, Distance: 0.000°"
UGC 1000,PGC 1316,UGC | PGC,Région de Fornax,constellation_proximity,"Constellation: Fornax, Distance: 0.000°"
UGC 1100,PGC 1365,UGC | PGC,Région de Fornax,constellation_proximity,"Constellation: Fornax, Distance: 0.000°"
UGC 1200,PGC 1399,UGC | PGC,Région de Fornax,constellation_proximity,"Constellation: Fornax, Distance: 0.000°"
UGC 1700,PGC 1566,UGC | PGC,Région de Dorado,constellation_proximity,"Constellation: Dorado, Distance: 0.000°"
UGC 2200,PGC 1808,UGC | PGC,Région de Columba,constellation_proximity,"Constellation: Columba, Distance: 0.000°"
UGC 3900,PGC 3115,UGC | PGC,Région de Sextans,constellation_proximity,"Constellation: Sextans, Distance: 0.000°"
